name,run_type,repetition_index,aggregate_name,iterations,real_time,cpu_time,time_unit,native_capacity,rhi_allocators,commands,peak_open,reset_us,record_us
CommandAllocator/d3d12/per_command/M1/K1/manual_time,iteration,0,,95218,3.056590140517131,2.9537482408788254,us,1.0,1.0,1.0,1.0,0.7378457854595383,2.318744355061933
CommandAllocator/d3d12/per_command/M1/K1/manual_time,iteration,1,,95218,3.096430296789778,2.9537482408788254,us,1.0,1.0,1.0,1.0,0.7461792938298069,2.3502510029647
CommandAllocator/d3d12/per_command/M1/K1/manual_time,iteration,2,,95218,3.0192411098713015,2.9537482408788254,us,1.0,1.0,1.0,1.0,0.7145655233242363,2.3046755865508137
CommandAllocator/d3d12/per_command/M1/K1/manual_time,iteration,3,,95218,3.0167205780391924,2.9537482408788254,us,1.0,1.0,1.0,1.0,0.725112898820472,2.2916076792230995
CommandAllocator/d3d12/per_command/M1/K1/manual_time,iteration,4,,95218,3.036836522503634,2.9537482408788254,us,1.0,1.0,1.0,1.0,0.7198292339671889,2.3170072885407635
CommandAllocator/d3d12/per_command/M1/K1/manual_time,iteration,5,,95218,2.9747705265792517,2.9537482408788254,us,1.0,1.0,1.0,1.0,0.7086412232969317,2.2661293032859477
CommandAllocator/d3d12/per_command/M1/K1/manual_time,iteration,6,,95218,3.005999915979665,3.1178453653720934,us,1.0,1.0,1.0,1.0,0.7280272637515144,2.2779726522325445
CommandAllocator/d3d12/per_command/M1/K1/manual_time_mean,aggregate,,mean,7,3.029512727182851,2.9771906872350065,us,1.0,1.0,1.0,1.0,0.7257430317785267,2.3037696954085427
CommandAllocator/d3d12/per_command/M1/K1/manual_time_median,aggregate,,median,7,3.0192411098713015,2.953748240878826,us,1.0,1.0,1.0,1.0,0.725112898820472,2.3046755865508137
CommandAllocator/d3d12/per_command/M1/K1/manual_time_stddev,aggregate,,stddev,7,0.038909063709238426,0.062022883181434965,us,0.0,0.0,0.0,0.0,0.01305190784064819,0.028257766153845378
CommandAllocator/d3d12/per_command/M1/K1/manual_time_cv,aggregate,,cv,7,0.012843340567649648,0.02083268748870003,us,0.0,0.0,0.0,0.0,0.017984200011762853,0.01226588152894087
CommandAllocator/d3d12/shared/M1/K1/manual_time,iteration,0,,94430,3.025657100495327,2.9783966959652655,us,1.0,1.0,1.0,1.0,0.730021179708627,2.295635920790909
CommandAllocator/d3d12/shared/M1/K1/manual_time,iteration,1,,94430,3.0855363761492867,3.143863179074447,us,1.0,1.0,1.0,1.0,0.7283892830657063,2.357147093087864
CommandAllocator/d3d12/shared/M1/K1/manual_time,iteration,2,,94430,3.042778777928361,2.812930212856084,us,1.0,1.0,1.0,1.0,0.7339606057385101,2.3088181721939915
CommandAllocator/d3d12/shared/M1/K1/manual_time,iteration,3,,94430,3.0414010378030953,2.9783966959652655,us,1.0,1.0,1.0,1.0,0.744967700941323,2.2964333368660803
CommandAllocator/d3d12/shared/M1/K1/manual_time,iteration,4,,94430,3.0110960499818034,2.6474637297469026,us,1.0,1.0,1.0,1.0,0.7246214126854391,2.2864746373004072
CommandAllocator/d3d12/shared/M1/K1/manual_time,iteration,5,,94430,3.143243672558982,3.309329662183628,us,1.0,1.0,1.0,1.0,0.7446828338439739,2.398560838719297
CommandAllocator/d3d12/shared/M1/K1/manual_time,iteration,6,,94430,2.999538282323709,2.9783966959652655,us,1.0,1.0,1.0,1.0,0.7209785025933547,2.2785597797341213
CommandAllocator/d3d12/shared/M1/K1/manual_time_mean,aggregate,,mean,7,3.0498930424629376,2.9783966959652655,us,1.0,1.0,1.0,1.0,0.732517359796705,2.3173756826703813
CommandAllocator/d3d12/shared/M1/K1/manual_time_median,aggregate,,median,7,3.041401037803095,2.9783966959652655,us,1.0,1.0,1.0,1.0,0.730021179708627,2.2964333368660803
CommandAllocator/d3d12/shared/M1/K1/manual_time_stddev,aggregate,,stddev,7,0.049557548459547456,0.21361631114578714,us,0.0,0.0,0.0,0.0,0.009343945019209104,0.04400525282077641
CommandAllocator/d3d12/shared/M1/K1/manual_time_cv,aggregate,,cv,7,0.016248946362895176,0.07172191381865485,us,0.0,0.0,0.0,0.0,0.012755936626269612,0.01898926149517019
CommandAllocator/d3d12/per_command/M32/K1/manual_time,iteration,0,,2548,110.80804552590284,110.38069073783359,us,32.0,32.0,32.0,1.0,24.071075353218657,86.73697017268455
CommandAllocator/d3d12/per_command/M32/K1/manual_time,iteration,1,,2548,112.25871271585585,104.24843014128729,us,32.0,32.0,32.0,1.0,23.596781789639245,88.6619309262165
CommandAllocator/d3d12/per_command/M32/K1/manual_time,iteration,2,,2548,109.10518053375189,110.38069073783359,us,32.0,32.0,32.0,1.0,23.95353218210364,85.15164835164842
CommandAllocator/d3d12/per_command/M32/K1/manual_time,iteration,3,,2548,113.8512951334381,91.98390894819467,us,32.0,32.0,32.0,1.0,23.96283359497653,89.88846153846147
CommandAllocator/d3d12/per_command/M32/K1/manual_time,iteration,4,,2548,120.78873626373702,116.5129513343799,us,32.0,32.0,32.0,1.0,25.37951334379906,95.4092229199372
CommandAllocator/d3d12/per_command/M32/K1/manual_time,iteration,5,,2548,111.39729199372078,104.24843014128729,us,32.0,32.0,32.0,1.0,23.18057299843063,88.2167189952902
CommandAllocator/d3d12/per_command/M32/K1/manual_time,iteration,6,,2548,113.45922291993662,110.38069073783359,us,32.0,32.0,32.0,1.0,23.34026687598139,90.11895604395613
CommandAllocator/d3d12/per_command/M32/K1/manual_time_mean,aggregate,,mean,7,113.0954978694776,106.87654182552141,us,32.0,32.0,32.0,1.0,23.92636801973559,89.16912984974206
CommandAllocator/d3d12/per_command/M32/K1/manual_time_median,aggregate,,median,7,112.25871271585585,110.3806907378336,us,32.0,32.0,32.0,1.0,23.95353218210364,88.6619309262165
CommandAllocator/d3d12/per_command/M32/K1/manual_time_stddev,aggregate,,stddev,7,3.755631896702124,7.802798889819927,us,0.0,0.0,0.0,0.0,0.7237622794225245,3.255207747293692
CommandAllocator/d3d12/per_command/M32/K1/manual_time_cv,aggregate,,cv,7,0.03320761628404043,0.0730075913436476,us,0.0,0.0,0.0,0.0,0.030249567290176735,0.03650599431416464
CommandAllocator/d3d12/shared/M32/K1/manual_time,iteration,0,,3806,75.05299527062485,73.89647924330005,us,1.0,1.0,32.0,1.0,1.123489227535454,73.92950604308987
CommandAllocator/d3d12/shared/M32/K1/manual_time,iteration,1,,3806,75.53439306358536,69.79111928533894,us,1.0,1.0,32.0,1.0,1.1188912243825415,74.41550183920117
CommandAllocator/d3d12/shared/M32/K1/manual_time,iteration,2,,3806,78.19004203888764,73.89647924330005,us,1.0,1.0,32.0,1.0,1.1909353652128116,76.999106673673
CommandAllocator/d3d12/shared/M32/K1/manual_time,iteration,3,,3806,77.78413032054459,73.89647924330005,us,1.0,1.0,32.0,1.0,1.1633736205990424,76.6207566999473
CommandAllocator/d3d12/shared/M32/K1/manual_time,iteration,4,,3806,76.08197582764245,73.89647924330005,us,1.0,1.0,32.0,1.0,1.1732264844981533,74.90874934314266
CommandAllocator/d3d12/shared/M32/K1/manual_time,iteration,5,,3806,77.70651602732376,73.89647924330005,us,1.0,1.0,32.0,1.0,1.1331581713084493,76.57335785601715
CommandAllocator/d3d12/shared/M32/K1/manual_time,iteration,6,,3806,76.55961639516384,78.00183920126116,us,1.0,1.0,32.0,1.0,1.1336048344718708,75.4260115606932
CommandAllocator/d3d12/shared/M32/K1/manual_time_mean,aggregate,,mean,7,76.70138127768179,73.89647924330006,us,1.0,1.0,32.0,1.0,1.1480969897154747,75.55328428796633
CommandAllocator/d3d12/shared/M32/K1/manual_time_median,aggregate,,median,7,76.55961639516384,73.89647924330006,us,1.0,1.0,32.0,1.0,1.1336048344718708,75.4260115606932
CommandAllocator/d3d12/shared/M32/K1/manual_time_stddev,aggregate,,stddev,7,1.2166587120915928,2.3702306768491264,us,0.0,0.0,0.0,0.0,0.027663763667870322,1.1995331131354248
CommandAllocator/d3d12/shared/M32/K1/manual_time_cv,aggregate,,cv,7,0.015862279033632087,0.032075014954978755,us,0.0,0.0,0.0,0.0,0.024095319398691264,0.015876650822530543
CommandAllocator/vulkan/per_command/M1/K1/manual_time,iteration,0,,533513,0.5340404076344513,0.5564531698384106,us,1.0,1.0,1.0,1.0,0.14294665734423817,0.3910937502896101
CommandAllocator/vulkan/per_command/M1/K1/manual_time,iteration,1,,533513,0.5384346773148718,0.4685921430218195,us,1.0,1.0,1.0,1.0,0.14498447085580426,0.3934502064584086
CommandAllocator/vulkan/per_command/M1/K1/manual_time,iteration,2,,533513,0.5263974823448735,0.5271661608995469,us,1.0,1.0,1.0,1.0,0.14134894557336797,0.3850485367709206
CommandAllocator/vulkan/per_command/M1/K1/manual_time,iteration,3,,533513,0.5570973903143046,0.5564531698384106,us,1.0,1.0,1.0,1.0,0.15620013008082978,0.4008972602321685
CommandAllocator/vulkan/per_command/M1/K1/manual_time,iteration,4,,533513,0.5523831659185408,0.5271661608995469,us,1.0,1.0,1.0,1.0,0.14943590877778132,0.4029472571394254
CommandAllocator/vulkan/per_command/M1/K1/manual_time,iteration,5,,533513,0.5457437775620778,0.5271661608995469,us,1.0,1.0,1.0,1.0,0.14552428900461178,0.4002194885565609
CommandAllocator/vulkan/per_command/M1/K1/manual_time,iteration,6,,533513,0.5336014305149208,0.5271661608995469,us,1.0,1.0,1.0,1.0,0.14073808885571534,0.39286334165846726
CommandAllocator/vulkan/per_command/M1/K1/manual_time_mean,aggregate,,mean,7,0.54109976165772,0.5271661608995469,us,1.0,1.0,1.0,1.0,0.14588264149890695,0.39521712015793736
CommandAllocator/vulkan/per_command/M1/K1/manual_time_median,aggregate,,median,7,0.5384346773148717,0.5271661608995469,us,1.0,1.0,1.0,1.0,0.14498447085580426,0.3934502064584086
CommandAllocator/vulkan/per_command/M1/K1/manual_time_stddev,aggregate,,stddev,7,0.01106138447307663,0.029287008938863303,us,0.0,0.0,0.0,0.0,0.005410672010138316,0.0064045195373626474
CommandAllocator/vulkan/per_command/M1/K1/manual_time_cv,aggregate,,cv,7,0.02044241239210462,0.05555555555555477,us,0.0,0.0,0.0,0.0,0.03708921057738632,0.016205066052814875
CommandAllocator/vulkan/shared/M1/K1/manual_time,iteration,0,,524456,0.5303956861933578,0.5064771877907774,us,1.0,1.0,1.0,1.0,0.14133082660827248,0.3890648595846335
CommandAllocator/vulkan/shared/M1/K1/manual_time,iteration,1,,524456,0.5331249904630359,0.5362699635431761,us,1.0,1.0,1.0,1.0,0.1433672224165581,0.389757768045969
CommandAllocator/vulkan/shared/M1/K1/manual_time,iteration,2,,524456,0.5386594871604958,0.5362699635431761,us,1.0,1.0,1.0,1.0,0.14560554174169354,0.3930539454182284
CommandAllocator/vulkan/shared/M1/K1/manual_time,iteration,3,,524456,0.5298652317794081,0.5362699635431761,us,1.0,1.0,1.0,1.0,0.1444555882660828,0.38540964351323753
CommandAllocator/vulkan/shared/M1/K1/manual_time,iteration,4,,524456,0.5312005201547516,0.5362699635431761,us,1.0,1.0,1.0,1.0,0.144624334548048,0.38657618560628143
CommandAllocator/vulkan/shared/M1/K1/manual_time,iteration,5,,524456,0.5257762328929858,0.5362699635431761,us,1.0,1.0,1.0,1.0,0.14205100141796032,0.3837252314748039
CommandAllocator/vulkan/shared/M1/K1/manual_time,iteration,6,,524456,0.5272612001733662,0.5362699635431761,us,1.0,1.0,1.0,1.0,0.14317159113377492,0.3840896090393788
CommandAllocator/vulkan/shared/M1/K1/manual_time_mean,aggregate,,mean,7,0.5308976212596287,0.532013852721405,us,1.0,1.0,1.0,1.0,0.1435151580189129,0.3873824632403618
CommandAllocator/vulkan/shared/M1/K1/manual_time_median,aggregate,,median,7,0.5303956861933579,0.5362699635431761,us,1.0,1.0,1.0,1.0,0.1433672224165581,0.38657618560628143
CommandAllocator/vulkan/shared/M1/K1/manual_time_stddev,aggregate,,stddev,7,0.004204549669525189,0.011260610786736168,us,0.0,0.0,0.0,0.0,0.001502185471327538,0.0034009453280756884
CommandAllocator/vulkan/shared/M1/K1/manual_time_cv,aggregate,,cv,7,0.007919699582660228,0.021166010488514315,us,0.0,0.0,0.0,0.0,0.010467085791241473,0.008779296046670758
CommandAllocator/vulkan/per_command/M32/K1/manual_time,iteration,0,,14594,19.3249143483649,17.13032753186241,us,32.0,32.0,32.0,1.0,4.655509113335119,14.669405235028623
CommandAllocator/vulkan/per_command/M32/K1/manual_time,iteration,1,,14594,18.955968206114534,17.13032753186241,us,32.0,32.0,32.0,1.0,4.613135535152315,14.342832670961108
CommandAllocator/vulkan/per_command/M32/K1/manual_time,iteration,2,,14594,18.516712347542775,18.20097300260381,us,32.0,32.0,32.0,1.0,4.614279841031472,13.902432506510246
CommandAllocator/vulkan/per_command/M32/K1/manual_time,iteration,3,,14594,18.793421954228958,17.13032753186241,us,32.0,32.0,32.0,1.0,4.529395642045579,14.26402631218408
CommandAllocator/vulkan/per_command/M32/K1/manual_time,iteration,4,,14594,18.583178018365878,18.20097300260381,us,32.0,32.0,32.0,1.0,4.6756954912986375,13.907482527066891
CommandAllocator/vulkan/per_command/M32/K1/manual_time,iteration,5,,14594,18.309901329315128,18.20097300260381,us,32.0,32.0,32.0,1.0,4.493846786351498,13.816054542963743
CommandAllocator/vulkan/per_command/M32/K1/manual_time,iteration,6,,14594,18.081937782652655,18.20097300260381,us,32.0,32.0,32.0,1.0,4.548259558723741,13.533678223928757
CommandAllocator/vulkan/per_command/M32/K1/manual_time_mean,aggregate,,mean,7,18.652290569512115,17.742124943714636,us,32.0,32.0,32.0,1.0,4.590017423991194,14.062273145520493
CommandAllocator/vulkan/per_command/M32/K1/manual_time_median,aggregate,,median,7,18.583178018365878,18.20097300260381,us,32.0,32.0,32.0,1.0,4.613135535152315,13.907482527066891
CommandAllocator/vulkan/per_command/M32/K1/manual_time_stddev,aggregate,,stddev,7,0.4143773672394673,0.5722840763165856,us,0.0,0.0,0.0,0.0,0.0676024109986378,0.38244230904857823
CommandAllocator/vulkan/per_command/M32/K1/manual_time_cv,aggregate,,cv,7,0.022215897060749362,0.03225566712736539,us,0.0,0.0,0.0,0.0,0.014728138208210754,0.027196336260215826
CommandAllocator/vulkan/shared/M32/K1/manual_time,iteration,0,,16248,17.346596504185413,17.309822747415065,us,1.0,1.0,32.0,1.0,3.634551944855064,13.712044559330263
CommandAllocator/vulkan/shared/M32/K1/manual_time,iteration,1,,16248,17.001877154111977,16.34816592811423,us,1.0,1.0,32.0,1.0,3.591482028557713,13.410395125553398
CommandAllocator/vulkan/shared/M32/K1/manual_time,iteration,2,,16248,16.98063146233471,16.34816592811423,us,1.0,1.0,32.0,1.0,3.5463318562286785,13.434299606104796
CommandAllocator/vulkan/shared/M32/K1/manual_time,iteration,3,,16248,17.186619891679285,14.424852289512556,us,1.0,1.0,32.0,1.0,3.592989906450413,13.593629985230093
CommandAllocator/vulkan/shared/M32/K1/manual_time,iteration,4,,16248,17.137069177745882,16.34816592811423,us,1.0,1.0,32.0,1.0,3.6388909404237224,13.498178237322017
CommandAllocator/vulkan/shared/M32/K1/manual_time,iteration,5,,16248,17.194362383062668,17.309822747415065,us,1.0,1.0,32.0,1.0,3.588878631216579,13.605483751845842
CommandAllocator/vulkan/shared/M32/K1/manual_time,iteration,6,,16248,17.358074839980898,16.34816592811423,us,1.0,1.0,32.0,1.0,3.689364844904218,13.668709995076798
CommandAllocator/vulkan/shared/M32/K1/manual_time_mean,aggregate,,mean,7,17.17217591615726,16.34816592811423,us,1.0,1.0,32.0,1.0,3.6117843075194833,13.560391608637598
CommandAllocator/vulkan/shared/M32/K1/manual_time_median,aggregate,,median,7,17.186619891679282,16.34816592811423,us,1.0,1.0,32.0,1.0,3.592989906450413,13.593629985230093
CommandAllocator/vulkan/shared/M32/K1/manual_time_stddev,aggregate,,stddev,7,0.14866362947699235,0.9616568193008233,us,0.0,0.0,0.0,0.0,0.046270905307108444,0.11556976461813144
CommandAllocator/vulkan/shared/M32/K1/manual_time_cv,aggregate,,cv,7,0.008657238908035825,0.05882352941176387,us,0.0,0.0,0.0,0.0,0.012811093179284168,0.008522597868376948
