affinity_mask,backend,profiler,legacy,repeat,objects,changes,views,flights,warmup,frames,elapsed_s,mean_frame_ms,peak_process_working_set_bytes,working_set_after_warmup_peak_bytes,command
0xffff,d3d12,0,0,0,10000,100,1,2,120,500,0.381,0.762,193458176,193454080,F:\cpp\RadRay\build_release\_build\Release\example_framework_stress.exe --mode=draw --workload=move --objects=10000 --changes=100 --views=1 --flights=2 --warmup=120 --frames=500 --single-thread --d3d12 --no-gpu-profiler
0xffff,d3d12,0,1,0,10000,100,1,2,120,500,0.4,0.8,159121408,158859264,F:\cpp\RadRay\build_release\_build\Release\example_framework_stress.exe --mode=draw --workload=move --objects=10000 --changes=100 --views=1 --flights=2 --warmup=120 --frames=500 --single-thread --d3d12 --no-gpu-profiler --legacy-draw
0xffff,d3d12,0,1,1,10000,100,1,2,120,500,0.376,0.752,159039488,159039488,F:\cpp\RadRay\build_release\_build\Release\example_framework_stress.exe --mode=draw --workload=move --objects=10000 --changes=100 --views=1 --flights=2 --warmup=120 --frames=500 --single-thread --d3d12 --no-gpu-profiler --legacy-draw
0xffff,d3d12,0,0,1,10000,100,1,2,120,500,0.384,0.768,192860160,192856064,F:\cpp\RadRay\build_release\_build\Release\example_framework_stress.exe --mode=draw --workload=move --objects=10000 --changes=100 --views=1 --flights=2 --warmup=120 --frames=500 --single-thread --d3d12 --no-gpu-profiler
0xffff,d3d12,0,0,2,10000,100,1,2,120,500,0.392,0.784,192548864,192548864,F:\cpp\RadRay\build_release\_build\Release\example_framework_stress.exe --mode=draw --workload=move --objects=10000 --changes=100 --views=1 --flights=2 --warmup=120 --frames=500 --single-thread --d3d12 --no-gpu-profiler
0xffff,d3d12,0,1,2,10000,100,1,2,120,500,0.374,0.748,159145984,158879744,F:\cpp\RadRay\build_release\_build\Release\example_framework_stress.exe --mode=draw --workload=move --objects=10000 --changes=100 --views=1 --flights=2 --warmup=120 --frames=500 --single-thread --d3d12 --no-gpu-profiler --legacy-draw
0xffff,d3d12,1,0,0,10000,100,1,2,120,500,0.41,0.82,195305472,195301376,F:\cpp\RadRay\build_release\_build\Release\example_framework_stress.exe --mode=draw --workload=move --objects=10000 --changes=100 --views=1 --flights=2 --warmup=120 --frames=500 --single-thread --d3d12
0xffff,d3d12,1,1,0,10000,100,1,2,120,500,0.396,0.792,160960512,160710656,F:\cpp\RadRay\build_release\_build\Release\example_framework_stress.exe --mode=draw --workload=move --objects=10000 --changes=100 --views=1 --flights=2 --warmup=120 --frames=500 --single-thread --d3d12 --legacy-draw
0xffff,d3d12,1,1,1,10000,100,1,2,120,500,0.403,0.806,161067008,160800768,F:\cpp\RadRay\build_release\_build\Release\example_framework_stress.exe --mode=draw --workload=move --objects=10000 --changes=100 --views=1 --flights=2 --warmup=120 --frames=500 --single-thread --d3d12 --legacy-draw
0xffff,d3d12,1,0,1,10000,100,1,2,120,500,0.411,0.822,194936832,194928640,F:\cpp\RadRay\build_release\_build\Release\example_framework_stress.exe --mode=draw --workload=move --objects=10000 --changes=100 --views=1 --flights=2 --warmup=120 --frames=500 --single-thread --d3d12
0xffff,d3d12,1,0,2,10000,100,1,2,120,500,0.41,0.82,194461696,194428928,F:\cpp\RadRay\build_release\_build\Release\example_framework_stress.exe --mode=draw --workload=move --objects=10000 --changes=100 --views=1 --flights=2 --warmup=120 --frames=500 --single-thread --d3d12
0xffff,d3d12,1,1,2,10000,100,1,2,120,500,0.397,0.794,161497088,161247232,F:\cpp\RadRay\build_release\_build\Release\example_framework_stress.exe --mode=draw --workload=move --objects=10000 --changes=100 --views=1 --flights=2 --warmup=120 --frames=500 --single-thread --d3d12 --legacy-draw
0xffff,vulkan,0,0,0,10000,100,1,2,120,500,0.721,1.442,141791232,141459456,F:\cpp\RadRay\build_release\_build\Release\example_framework_stress.exe --mode=draw --workload=move --objects=10000 --changes=100 --views=1 --flights=2 --warmup=120 --frames=500 --single-thread --vulkan --no-gpu-profiler
0xffff,vulkan,0,1,0,10000,100,1,2,120,500,0.717,1.434,141873152,141856768,F:\cpp\RadRay\build_release\_build\Release\example_framework_stress.exe --mode=draw --workload=move --objects=10000 --changes=100 --views=1 --flights=2 --warmup=120 --frames=500 --single-thread --vulkan --no-gpu-profiler --legacy-draw
0xffff,vulkan,0,1,1,10000,100,1,2,120,500,0.719,1.438,141975552,141959168,F:\cpp\RadRay\build_release\_build\Release\example_framework_stress.exe --mode=draw --workload=move --objects=10000 --changes=100 --views=1 --flights=2 --warmup=120 --frames=500 --single-thread --vulkan --no-gpu-profiler --legacy-draw
0xffff,vulkan,0,0,1,10000,100,1,2,120,500,0.72,1.44,141905920,141897728,F:\cpp\RadRay\build_release\_build\Release\example_framework_stress.exe --mode=draw --workload=move --objects=10000 --changes=100 --views=1 --flights=2 --warmup=120 --frames=500 --single-thread --vulkan --no-gpu-profiler
0xffff,vulkan,0,0,2,10000,100,1,2,120,500,0.712,1.424,141840384,141832192,F:\cpp\RadRay\build_release\_build\Release\example_framework_stress.exe --mode=draw --workload=move --objects=10000 --changes=100 --views=1 --flights=2 --warmup=120 --frames=500 --single-thread --vulkan --no-gpu-profiler
0xffff,vulkan,0,1,2,10000,100,1,2,120,500,0.712,1.424,141422592,141406208,F:\cpp\RadRay\build_release\_build\Release\example_framework_stress.exe --mode=draw --workload=move --objects=10000 --changes=100 --views=1 --flights=2 --warmup=120 --frames=500 --single-thread --vulkan --no-gpu-profiler --legacy-draw
0xffff,vulkan,1,0,0,10000,100,1,2,120,500,0.722,1.444,175538176,175521792,F:\cpp\RadRay\build_release\_build\Release\example_framework_stress.exe --mode=draw --workload=move --objects=10000 --changes=100 --views=1 --flights=2 --warmup=120 --frames=500 --single-thread --vulkan
0xffff,vulkan,1,1,0,10000,100,1,2,120,500,0.725,1.45,175271936,175173632,F:\cpp\RadRay\build_release\_build\Release\example_framework_stress.exe --mode=draw --workload=move --objects=10000 --changes=100 --views=1 --flights=2 --warmup=120 --frames=500 --single-thread --vulkan --legacy-draw
0xffff,vulkan,1,1,1,10000,100,1,2,120,500,0.731,1.462,175890432,175874048,F:\cpp\RadRay\build_release\_build\Release\example_framework_stress.exe --mode=draw --workload=move --objects=10000 --changes=100 --views=1 --flights=2 --warmup=120 --frames=500 --single-thread --vulkan --legacy-draw
0xffff,vulkan,1,0,1,10000,100,1,2,120,500,0.722,1.444,175792128,175493120,F:\cpp\RadRay\build_release\_build\Release\example_framework_stress.exe --mode=draw --workload=move --objects=10000 --changes=100 --views=1 --flights=2 --warmup=120 --frames=500 --single-thread --vulkan
0xffff,vulkan,1,0,2,10000,100,1,2,120,500,0.723,1.446,175382528,175374336,F:\cpp\RadRay\build_release\_build\Release\example_framework_stress.exe --mode=draw --workload=move --objects=10000 --changes=100 --views=1 --flights=2 --warmup=120 --frames=500 --single-thread --vulkan
0xffff,vulkan,1,1,2,10000,100,1,2,120,500,0.718,1.436,175734784,175734784,F:\cpp\RadRay\build_release\_build\Release\example_framework_stress.exe --mode=draw --workload=move --objects=10000 --changes=100 --views=1 --flights=2 --warmup=120 --frames=500 --single-thread --vulkan --legacy-draw
