affinity_mask,backend,profiler,legacy,repeat,objects,changes,views,flights,warmup,frames,elapsed_s,mean_frame_ms,peak_process_working_set_bytes,command
0xffff,d3d12,0,0,0,10000,100,1,2,120,500,0.525,1.05,194510848,F:\cpp\RadRay\build_release\_build\Release\example_framework_stress.exe --mode=draw --workload=move --objects=10000 --changes=100 --views=1 --flights=2 --warmup=120 --frames=500 --single-thread --d3d12 --no-gpu-profiler
0xffff,d3d12,0,1,0,10000,100,1,2,120,500,0.381,0.762,160714752,F:\cpp\RadRay\build_release\_build\Release\example_framework_stress.exe --mode=draw --workload=move --objects=10000 --changes=100 --views=1 --flights=2 --warmup=120 --frames=500 --single-thread --d3d12 --no-gpu-profiler --legacy-draw
0xffff,d3d12,0,1,1,10000,100,1,2,120,500,0.396,0.792,160821248,F:\cpp\RadRay\build_release\_build\Release\example_framework_stress.exe --mode=draw --workload=move --objects=10000 --changes=100 --views=1 --flights=2 --warmup=120 --frames=500 --single-thread --d3d12 --no-gpu-profiler --legacy-draw
0xffff,d3d12,0,0,1,10000,100,1,2,120,500,0.511,1.022,194375680,F:\cpp\RadRay\build_release\_build\Release\example_framework_stress.exe --mode=draw --workload=move --objects=10000 --changes=100 --views=1 --flights=2 --warmup=120 --frames=500 --single-thread --d3d12 --no-gpu-profiler
0xffff,d3d12,0,0,2,10000,100,1,2,120,500,0.518,1.036,194428928,F:\cpp\RadRay\build_release\_build\Release\example_framework_stress.exe --mode=draw --workload=move --objects=10000 --changes=100 --views=1 --flights=2 --warmup=120 --frames=500 --single-thread --d3d12 --no-gpu-profiler
0xffff,d3d12,0,1,2,10000,100,1,2,120,500,0.393,0.786,160989184,F:\cpp\RadRay\build_release\_build\Release\example_framework_stress.exe --mode=draw --workload=move --objects=10000 --changes=100 --views=1 --flights=2 --warmup=120 --frames=500 --single-thread --d3d12 --no-gpu-profiler --legacy-draw
0xffff,d3d12,1,0,0,10000,100,1,2,120,500,0.538,1.076,196268032,F:\cpp\RadRay\build_release\_build\Release\example_framework_stress.exe --mode=draw --workload=move --objects=10000 --changes=100 --views=1 --flights=2 --warmup=120 --frames=500 --single-thread --d3d12
0xffff,d3d12,1,1,0,10000,100,1,2,120,500,0.403,0.806,162222080,F:\cpp\RadRay\build_release\_build\Release\example_framework_stress.exe --mode=draw --workload=move --objects=10000 --changes=100 --views=1 --flights=2 --warmup=120 --frames=500 --single-thread --d3d12 --legacy-draw
0xffff,d3d12,1,1,1,10000,100,1,2,120,500,0.413,0.826,132530176,F:\cpp\RadRay\build_release\_build\Release\example_framework_stress.exe --mode=draw --workload=move --objects=10000 --changes=100 --views=1 --flights=2 --warmup=120 --frames=500 --single-thread --d3d12 --legacy-draw
0xffff,d3d12,1,0,1,10000,100,1,2,120,500,0.539,1.078,166141952,F:\cpp\RadRay\build_release\_build\Release\example_framework_stress.exe --mode=draw --workload=move --objects=10000 --changes=100 --views=1 --flights=2 --warmup=120 --frames=500 --single-thread --d3d12
0xffff,d3d12,1,0,2,10000,100,1,2,120,500,0.55,1.1,196411392,F:\cpp\RadRay\build_release\_build\Release\example_framework_stress.exe --mode=draw --workload=move --objects=10000 --changes=100 --views=1 --flights=2 --warmup=120 --frames=500 --single-thread --d3d12
0xffff,d3d12,1,1,2,10000,100,1,2,120,500,0.42,0.84,162586624,F:\cpp\RadRay\build_release\_build\Release\example_framework_stress.exe --mode=draw --workload=move --objects=10000 --changes=100 --views=1 --flights=2 --warmup=120 --frames=500 --single-thread --d3d12 --legacy-draw
0xffff,vulkan,0,0,0,10000,100,1,2,120,500,0.852,1.704,182018048,F:\cpp\RadRay\build_release\_build\Release\example_framework_stress.exe --mode=draw --workload=move --objects=10000 --changes=100 --views=1 --flights=2 --warmup=120 --frames=500 --single-thread --vulkan --no-gpu-profiler
0xffff,vulkan,0,1,0,10000,100,1,2,120,500,0.741,1.482,142725120,F:\cpp\RadRay\build_release\_build\Release\example_framework_stress.exe --mode=draw --workload=move --objects=10000 --changes=100 --views=1 --flights=2 --warmup=120 --frames=500 --single-thread --vulkan --no-gpu-profiler --legacy-draw
0xffff,vulkan,0,1,1,10000,100,1,2,120,500,0.728,1.456,142979072,F:\cpp\RadRay\build_release\_build\Release\example_framework_stress.exe --mode=draw --workload=move --objects=10000 --changes=100 --views=1 --flights=2 --warmup=120 --frames=500 --single-thread --vulkan --no-gpu-profiler --legacy-draw
0xffff,vulkan,0,0,1,10000,100,1,2,120,500,0.858,1.716,143446016,F:\cpp\RadRay\build_release\_build\Release\example_framework_stress.exe --mode=draw --workload=move --objects=10000 --changes=100 --views=1 --flights=2 --warmup=120 --frames=500 --single-thread --vulkan --no-gpu-profiler
0xffff,vulkan,0,0,2,10000,100,1,2,120,500,0.863,1.726,142737408,F:\cpp\RadRay\build_release\_build\Release\example_framework_stress.exe --mode=draw --workload=move --objects=10000 --changes=100 --views=1 --flights=2 --warmup=120 --frames=500 --single-thread --vulkan --no-gpu-profiler
0xffff,vulkan,0,1,2,10000,100,1,2,120,500,0.74,1.48,143462400,F:\cpp\RadRay\build_release\_build\Release\example_framework_stress.exe --mode=draw --workload=move --objects=10000 --changes=100 --views=1 --flights=2 --warmup=120 --frames=500 --single-thread --vulkan --no-gpu-profiler --legacy-draw
0xffff,vulkan,1,0,0,10000,100,1,2,120,500,0.864,1.728,176726016,F:\cpp\RadRay\build_release\_build\Release\example_framework_stress.exe --mode=draw --workload=move --objects=10000 --changes=100 --views=1 --flights=2 --warmup=120 --frames=500 --single-thread --vulkan
0xffff,vulkan,1,1,0,10000,100,1,2,120,500,0.74,1.48,176742400,F:\cpp\RadRay\build_release\_build\Release\example_framework_stress.exe --mode=draw --workload=move --objects=10000 --changes=100 --views=1 --flights=2 --warmup=120 --frames=500 --single-thread --vulkan --legacy-draw
0xffff,vulkan,1,1,1,10000,100,1,2,120,500,0.74,1.48,176803840,F:\cpp\RadRay\build_release\_build\Release\example_framework_stress.exe --mode=draw --workload=move --objects=10000 --changes=100 --views=1 --flights=2 --warmup=120 --frames=500 --single-thread --vulkan --legacy-draw
0xffff,vulkan,1,0,1,10000,100,1,2,120,500,0.867,1.734,176693248,F:\cpp\RadRay\build_release\_build\Release\example_framework_stress.exe --mode=draw --workload=move --objects=10000 --changes=100 --views=1 --flights=2 --warmup=120 --frames=500 --single-thread --vulkan
0xffff,vulkan,1,0,2,10000,100,1,2,120,500,0.864,1.728,177045504,F:\cpp\RadRay\build_release\_build\Release\example_framework_stress.exe --mode=draw --workload=move --objects=10000 --changes=100 --views=1 --flights=2 --warmup=120 --frames=500 --single-thread --vulkan
0xffff,vulkan,1,1,2,10000,100,1,2,120,500,0.737,1.474,176582656,F:\cpp\RadRay\build_release\_build\Release\example_framework_stress.exe --mode=draw --workload=move --objects=10000 --changes=100 --views=1 --flights=2 --warmup=120 --frames=500 --single-thread --vulkan --legacy-draw
