scenario,mode,flights,baseline_runs,baseline_us,baseline_min_us,baseline_max_us,direct_runs,direct_us,direct_min_us,direct_max_us,direct_change_percent,snapshot_control_sweep_us,direct_full_sweep_us,baseline_input_wait_us_mean,baseline_e2e_us_median,baseline_e2e_us_p95,baseline_e2e_us_p99,baseline_payload_bytes_mean,baseline_local_transforms_mean,baseline_direct_transforms_mean,direct_input_wait_us_mean,direct_e2e_us_median,direct_e2e_us_p95,direct_e2e_us_p99,direct_payload_bytes_mean,direct_local_transforms_mean,direct_direct_transforms_mean
shape_1000_dirty_0,single,1,3,0.3763671875,0.3736328125,0.6421875,3,0.4154296875,0.3923828125,0.5119140625,10.37882719252725,0.414453125,0.40390625,0.0,0.3,0.3,0.4,0.0,0.0,0.0,0.0162109375,0.3,0.3,0.4,0.0,0.0,0.0
shape_1000_dirty_0,threaded,1,3,1.0146484375,0.97578125,1.2060546875,3,0.9693359375,0.9611328125,1.22265625,-4.465832531280078,0.987890625,0.9318359375,0.0,0.7,0.7,0.7,0.0,0.0,0.0,0.016796875,0.7,0.8,0.8,0.0,0.0,0.0
shape_1000_dirty_0,single,2,3,0.376171875,0.3740234375,0.3828125,3,0.40546875,0.38828125,0.42265625,7.78816199376946,0.3986328125,0.595703125,0.0,0.3,0.3,0.4,0.0,0.0,0.0,0.014453125,0.3,0.3,0.4,0.0,0.0,0.0
shape_1000_dirty_0,threaded,2,3,0.622265625,0.605078125,0.74921875,3,0.674609375,0.6423828125,0.698046875,8.411801632140591,0.6779296875,0.6955078125,0.0,0.7,0.8,0.8,0.0,0.0,0.0,0.016015625000000002,0.7,0.8,0.8,0.0,0.0,0.0
shape_1000_dirty_0,single,3,3,0.383203125,0.3724609375,0.4013671875,3,0.422265625,0.3841796875,0.4744140625,10.19367991845057,0.401953125,0.3904296875,0.0,0.3,0.3,0.4,0.0,0.0,0.0,0.01640625,0.3,0.3,0.4,0.0,0.0,0.0
shape_1000_dirty_0,threaded,3,3,0.58125,0.5736328125,0.833203125,3,0.6623046875,0.660546875,0.6693359375,13.944892473118276,0.665625,0.6595703125,0.0,0.7,0.8,0.8,0.0,0.0,0.0,0.0150390625,0.7,0.9,0.9,0.0,0.0,0.0
shape_1000_dirty_1,single,1,3,0.500390625,0.4951171875,0.5103515625,3,0.57578125,0.5376953125,0.6708984375,15.066354410616722,0.565625,16.4255859375,0.0,0.4,0.5,0.5,48.0,1.0,0.0,0.030468750000000003,0.4,0.5,0.5,0.0,0.0,1.0
shape_1000_dirty_1,threaded,1,3,1.1017578125,1.08125,1.2119140625,3,1.2009765625,1.1724609375,1.2841796875,9.005495479524894,1.1017578125,21.714453125,0.0,0.8,0.9,0.9,48.0,1.0,0.0,0.5125,0.9,1.0,1.0,0.0,0.0,1.0
shape_1000_dirty_1,single,2,3,0.7341796875,0.4833984375,0.803515625,3,0.705078125,0.5345703125,0.713671875,-3.9638201649374816,0.54765625,16.8595703125,0.0,0.5,0.8,1.4,48.0,1.0,0.0,0.0345703125,0.5,0.7,1.0,0.0,0.0,1.0
shape_1000_dirty_1,threaded,2,3,0.722265625,0.701171875,0.9998046875,3,1.1265625,1.1263671875,1.223046875,55.97620335316385,0.916015625,18.43515625,0.0,0.9,1.0,1.4,48.0,1.0,0.0,0.50546875,0.9,0.9,1.0,0.0,0.0,1.0
shape_1000_dirty_1,single,3,3,0.4978515625,0.4876953125,0.519921875,3,0.5603515625,0.5302734375,0.6046875,12.553942722636325,0.533984375,17.2755859375,0.0,0.4,0.5,0.5,48.0,1.0,0.0,0.029687500000000002,0.4,0.5,0.5,0.0,0.0,1.0
shape_1000_dirty_1,threaded,3,3,0.6513671875,0.6490234375,0.68046875,3,1.222265625,1.125390625,1.251953125,87.64617691154422,0.8181640625,17.1431640625,0.0,0.8,1.0,1.0,48.0,1.0,0.0,0.5494140625,0.9,1.1,1.5,0.0,0.0,1.0
shape_1000_dirty_10,single,1,3,1.2912109375,1.11953125,1.376171875,3,1.209765625,1.1083984375,1.239453125,-6.307669036454399,1.2546875,17.23046875,0.0,1.1,1.2,3.2,480.0,10.0,0.0,0.047265625000000006,1.0,1.1,1.1,0.0,0.0,10.0
shape_1000_dirty_10,threaded,1,3,1.6751953125,1.59296875,1.8173828125,3,1.889453125,1.8052734375,2.0294921875,12.790019820450027,1.696875,21.2544921875,0.0,1.3,1.5,1.9,480.0,10.0,0.0,0.7662109375,1.5,1.7,2.7,0.0,0.0,10.0
shape_1000_dirty_10,single,2,3,1.1396484375,1.1099609375,1.1451171875,3,1.270703125,1.158984375,1.331640625,11.499571550985443,1.27109375,17.3111328125,0.0,1.0,1.1,1.1,480.0,10.0,0.0,0.0474609375,1.0,1.1,1.2,0.0,0.0,10.0
shape_1000_dirty_10,threaded,2,3,0.96328125,0.915625,0.9787109375,3,1.701953125,1.7001953125,1.9294921875,76.68288726682889,1.124609375,18.3251953125,0.0,1.4,1.5,1.6,480.0,10.0,0.0,0.7638671875,1.6,1.7,1.7,0.0,0.0,10.0
shape_1000_dirty_10,single,3,3,1.111328125,1.103515625,1.4873046875,3,1.3671875,1.349609375,1.4265625,23.022847100175746,1.2380859375,17.309765625,0.0,1.0,1.1,1.1,480.0,10.0,0.0,0.049218750000000006,1.0,1.2,4.9,0.0,0.0,10.0
shape_1000_dirty_10,threaded,3,3,0.9361328125,0.867578125,0.9388671875,3,1.830078125,1.721484375,1.899609375,95.4934279157104,1.0771484375,19.142578125,0.0,1.3,1.5,1.5,480.0,10.0,0.0,0.827734375,1.6,1.7,2.2,0.0,0.0,10.0
shape_1000_dirty_100,single,1,3,7.6455078125,7.5494140625,7.78671875,3,7.7716796875,7.517578125,8.1958984375,1.6502746200025564,8.2052734375,22.26171875,0.0,7.1,7.7,20.5,4800.0,100.0,0.0,0.33652343749999997,6.9,7.5,21.1,0.0,0.0,100.0
shape_1000_dirty_100,threaded,1,3,13.0509765625,12.8939453125,14.6986328125,3,8.64765625,8.5435546875,11.58984375,-33.73939330450008,15.2345703125,32.6029296875,0.0,9.6,11.2,24.4,4800.0,100.0,0.0,3.8419921875,8.1,8.6,13.8,0.0,0.0,100.0
shape_1000_dirty_100,single,2,3,9.49921875,8.4576171875,9.541796875,3,7.9021484375,7.12890625,8.12265625,-16.81264906653508,8.8046875,22.5275390625,0.0,7.4,21.6,29.3,4800.0,100.0,0.0,0.3451171875,6.8,7.8,9.8,0.0,0.0,100.0
shape_1000_dirty_100,threaded,2,3,3.84375,3.82578125,3.891015625,3,9.773046875,8.7392578125,10.7759765625,154.2581300813008,4.54921875,23.4380859375,0.0,6.8,7.0,21.8,4800.0,100.0,0.0,5.333203125,8.5,20.0,29.3,0.0,0.0,100.0
shape_1000_dirty_100,single,3,3,8.75625,8.1015625,9.636328125,3,7.855859375,7.312109375,8.0,-10.28283369022127,8.641015625,21.3689453125,0.0,7.3,15.6,27.8,4800.0,100.0,0.0,0.348046875,6.9,7.6,12.5,0.0,0.0,100.0
shape_1000_dirty_100,threaded,3,3,3.8076171875,3.755078125,3.8720703125,3,8.2046875,8.0083984375,9.083203125,115.48089253654786,4.66484375,20.7275390625,0.0,6.8,7.1,18.8,4800.0,100.0,0.0,4.2552734375,8.5,9.8,18.9,0.0,0.0,100.0
shape_1000_dirty_1000,single,1,3,72.44453125,69.42578125,77.191015625,3,69.4689453125,66.3576171875,71.904296875,-4.107398979822929,76.50234375,63.849609375,0.0,63.5,105.2,145.5,48000.0,1000.0,0.0,3.801953125,61.8,87.0,132.5,0.0,0.0,1000.0
shape_1000_dirty_1000,threaded,1,3,83.2564453125,79.7595703125,86.0861328125,3,85.5408203125,76.31328125,86.166796875,2.743781567211623,85.5990234375,74.671875,0.0,66.3,122.8,166.4,48000.0,1000.0,0.0,44.192578125,74.3,112.9,135.1,0.0,0.0,1000.0
shape_1000_dirty_1000,single,2,3,70.876171875,69.5974609375,76.6921875,3,71.375390625,65.2703125,72.9421875,0.7043534333096346,75.3947265625,69.8580078125,0.0,64.05,100.9,137.9,48000.0,1000.0,0.0,3.8443359375,63.9,93.2,125.1,0.0,0.0,1000.0
shape_1000_dirty_1000,threaded,2,3,39.7203125,36.933203125,42.0095703125,3,76.5501953125,69.9517578125,77.791015625,92.72304394004955,42.16875,71.7296875,0.0,64.4,112.1,149.3,48000.0,1000.0,0.0,44.13359375,77.1,94.8,119.9,0.0,0.0,1000.0
shape_1000_dirty_1000,single,3,3,71.933203125,68.6921875,81.6435546875,3,72.3802734375,65.0845703125,73.9888671875,0.6215075835328765,75.7435546875,64.7041015625,0.0,64.7,104.4,140.9,48000.0,1000.0,0.0,4.1298828125,63.9,89.2,122.1,0.0,0.0,1000.0
shape_1000_dirty_1000,threaded,3,3,39.8318359375,38.140625,45.18984375,3,75.943359375,69.083203125,77.427734375,90.65995224062095,42.258203125,68.94609375,0.0,65.35,130.6,162.2,48000.0,1000.0,0.0,44.425390625,77.55,85.8,114.9,0.0,0.0,1000.0
shape_10000_dirty_0,single,1,3,0.6140625,0.3611328125,0.6404296875,3,0.4201171875,0.3828125,0.521484375,-31.583969465648853,0.3849609375,0.378515625,0.0,0.3,0.4,0.4,0.0,0.0,0.0,0.015625,0.3,0.3,0.4,0.0,0.0,0.0
shape_10000_dirty_0,threaded,1,3,1.2384765625,0.8736328125,1.330859375,3,0.9822265625,0.921875,1.02265625,-20.690742785049686,1.0197265625,0.9705078125,0.0,0.6,0.7,1.5,0.0,0.0,0.0,0.0158203125,0.7,0.7,0.8,0.0,0.0,0.0
shape_10000_dirty_0,single,2,3,0.39140625,0.3470703125,0.65703125,3,0.426171875,0.4248046875,0.5837890625,8.882235528942118,0.3892578125,0.3818359375,0.0,0.3,0.3,0.4,0.0,0.0,0.0,0.016015625000000002,0.3,0.4,0.4,0.0,0.0,0.0
shape_10000_dirty_0,threaded,2,3,0.6109375,0.55390625,0.776953125,3,0.737109375,0.6263671875,0.739453125,20.65217391304346,0.71328125,0.662109375,0.0,0.7,0.8,0.8,0.0,0.0,0.0,0.0185546875,0.7,0.8,0.9,0.0,0.0,0.0
shape_10000_dirty_0,single,3,3,0.3943359375,0.34921875,0.412109375,3,0.421484375,0.3791015625,0.4232421875,6.884596334819215,0.3853515625,0.4390625,0.0,0.3,0.3,0.4,0.0,0.0,0.0,0.0166015625,0.3,0.3,0.4,0.0,0.0,0.0
shape_10000_dirty_0,threaded,3,3,0.585546875,0.54765625,0.6900390625,3,0.646875,0.6259765625,0.6583984375,10.473649099399584,0.6849609375,0.65625,0.0,0.7,0.8,0.8,0.0,0.0,0.0,0.0158203125,0.7,0.8,0.8,0.0,0.0,0.0
shape_10000_dirty_1,single,1,3,0.921875,0.8220703125,1.1810546875,3,0.823046875,0.74453125,1.043359375,-10.720338983050848,0.7912109375,181.3873046875,0.0,0.8,1.3,1.4,48.0,1.0,0.0,0.07578125000000001,0.6,1.1,1.2,0.0,0.0,1.0
shape_10000_dirty_1,threaded,1,3,1.659375,1.644140625,2.36484375,3,1.3669921875,1.355859375,2.7869140625,-17.620056497175153,1.4302734375,179.57890625,0.0,1.2,1.7,3.9,48.0,1.0,0.0,0.67578125,1.0,1.5,1.6,0.0,0.0,1.0
shape_10000_dirty_1,single,2,3,0.946875,0.81484375,1.180078125,3,0.8572265625,0.7623046875,1.126171875,-9.46782178217822,0.790625,189.601171875,0.0,0.8,1.3,1.5,48.0,1.0,0.0,0.0822265625,0.6,1.1,1.2,0.0,0.0,1.0
shape_10000_dirty_1,threaded,2,3,1.0275390625,0.9482421875,1.25234375,3,1.5669921875,1.391015625,1.601953125,52.499524805170104,0.896875,180.930078125,0.0,1.4,1.9,2.3,48.0,1.0,0.0,0.7548828125,1.1,1.6,3.7,0.0,0.0,1.0
shape_10000_dirty_1,single,3,3,0.8580078125,0.851171875,1.112890625,3,1.0685546875,0.751953125,1.4435546875,24.53903938083315,0.8763671875,177.3751953125,0.0,0.7,1.3,1.4,48.0,1.0,0.0,0.092578125,0.7,1.3,1.5,0.0,0.0,1.0
shape_10000_dirty_1,threaded,3,3,1.1232421875,0.9611328125,1.2681640625,3,1.58203125,1.464453125,1.658984375,40.8450704225352,1.15625,166.0099609375,0.0,1.3,1.9,13.9,48.0,1.0,0.0,0.76015625,1.2,1.7,1.9,0.0,0.0,1.0
shape_10000_dirty_100,single,1,3,10.2466796875,9.8314453125,12.2501953125,3,12.1595703125,10.778125,13.0552734375,18.668394868764636,12.1791015625,175.7083984375,0.0,9.7,10.7,25.2,4800.0,100.0,0.0,0.625,9.2,15.5,39.5,0.0,0.0,100.0
shape_10000_dirty_100,threaded,1,3,22.1712890625,19.480859375,22.321484375,3,19.084765625,16.2009765625,19.4853515625,-13.921262894544439,18.72734375,197.3125,0.0,13.4,35.7,70.1,4800.0,100.0,0.0,10.1775390625,15.0,26.0,37.7,0.0,0.0,100.0
shape_10000_dirty_100,single,2,3,11.194921875,10.6376953125,13.0388671875,3,11.6169921875,9.9626953125,12.1142578125,3.7701943543040572,11.5294921875,183.3669921875,0.0,10.5,12.9,23.3,4800.0,100.0,0.0,0.537109375,9.2,15.5,27.2,0.0,0.0,100.0
shape_10000_dirty_100,threaded,2,3,5.6146484375,5.1025390625,12.86875,3,10.629296875,9.51953125,12.1337890625,89.3136675131318,6.978515625,185.711328125,0.0,9.4,12.1,25.2,4800.0,100.0,0.0,5.9240234375,10.8,16.1,27.8,0.0,0.0,100.0
shape_10000_dirty_100,single,3,3,11.9216796875,11.12890625,15.798828125,3,10.7994140625,10.398828125,25.7873046875,-9.413653565753034,10.8154296875,179.10546875,0.0,9.7,28.3,33.2,4800.0,100.0,0.0,0.4912109375,9.0,15.5,34.7,0.0,0.0,100.0
shape_10000_dirty_100,threaded,3,3,5.80078125,4.940234375,6.7,3,16.034765625,10.341796875,22.0103515625,176.4242424242424,6.6154296875,174.4884765625,0.0,10.5,13.7,21.9,4800.0,100.0,0.0,9.4126953125,15.8,28.3,47.0,0.0,0.0,100.0
shape_10000_dirty_1000,single,1,3,120.1853515625,111.98046875,125.357421875,3,110.117578125,98.1484375,122.637109375,-8.37687231148504,107.944140625,255.2076171875,0.0,100.45,194.2,293.6,48000.0,1000.0,0.0,7.2734375,90.65,158.2,186.3,0.0,0.0,1000.0
shape_10000_dirty_1000,threaded,1,3,130.240625,125.9134765625,172.2603515625,3,124.77421875,113.773828125,145.1109375,-4.19715910454207,122.9546875,282.24375,0.0,104.7,213.3,313.2,48000.0,1000.0,0.0,57.0791015625,106.85,181.9,241.0,0.0,0.0,1000.0
shape_10000_dirty_1000,single,2,3,110.618359375,110.028125,111.1234375,3,111.0359375,98.808984375,117.3814453125,0.37749441174081966,109.4970703125,243.4740234375,0.0,97.4,171.2,236.9,48000.0,1000.0,0.0,7.6587890625,90.0,147.1,232.8,0.0,0.0,1000.0
shape_10000_dirty_1000,threaded,2,3,58.9283203125,57.783984375,62.0466796875,3,100.560546875,95.5490234375,102.1458984375,70.64892795471194,64.3203125,211.6166015625,0.0,97.15,180.0,245.0,48000.0,1000.0,0.0,54.9341796875,106.2,147.6,188.3,0.0,0.0,1000.0
shape_10000_dirty_1000,single,3,3,119.4447265625,117.5943359375,119.521875,3,110.92734375,99.9099609375,117.4693359375,-7.1308152796877415,113.8060546875,251.408203125,0.0,106.65,177.4,287.4,48000.0,1000.0,0.0,7.5009765625,90.2,149.1,218.8,0.0,0.0,1000.0
shape_10000_dirty_1000,threaded,3,3,61.948828125,59.237109375,85.5572265625,3,95.0841796875,93.2419921875,102.54921875,53.48826211149576,58.48359375,199.89296875,0.0,110.25,247.0,307.7,48000.0,1000.0,0.0,54.0080078125,106.1,145.6,218.0,0.0,0.0,1000.0
shape_10000_dirty_10000,single,1,3,1067.3482421875,1043.6625,1086.99296875,3,948.750390625,858.2197265625,955.1373046875,-11.111448623313148,961.829296875,987.45625,0.0,919.75,1869.8,2259.8,480000.0,10000.0,0.0,73.8052734375,791.5,1122.8,1303.3,0.0,0.0,10000.0
shape_10000_dirty_10000,threaded,1,3,1114.7546875,1107.428125,1206.1947265625,3,981.180859375,906.2029296875,1002.93359375,-11.98235177862843,1021.4900390625,1017.212890625,0.0,960.25,1906.0,2282.6,480000.0,10000.0,0.0,513.5310546875,862.2,1389.7,1671.1,0.0,0.0,10000.0
shape_10000_dirty_10000,single,2,3,1141.700390625,1128.2263671875,1179.5474609375,3,948.888671875,856.5779296875,1481.742578125,-16.888118838642875,1047.43984375,991.2326171875,0.0,976.35,2015.0,2728.3,480000.0,10000.0,0.0,74.653125,788.1,1286.7,1619.5,0.0,0.0,10000.0
shape_10000_dirty_10000,threaded,2,3,682.8826171875,668.7537109375,692.152734375,3,971.28203125,833.8193359375,1683.801171875,42.232648306423904,689.8970703125,976.0322265625,0.0,953.6500000000001,1751.6,2190.9,480000.0,10000.0,0.0,514.4373046875,874.5,1402.1,1604.9,0.0,0.0,10000.0
shape_10000_dirty_10000,single,3,3,1082.324609375,1053.2958984375,1280.7103515625,3,1021.9853515625,844.125390625,1626.909765625,-5.574968663730506,1045.68203125,841.989453125,0.0,964.6500000000001,1995.1,2536.9,480000.0,10000.0,0.0,82.4859375,782.5,1444.3,2435.2,0.0,0.0,10000.0
shape_10000_dirty_10000,threaded,3,3,721.3880859375,698.458984375,919.1390625,3,1362.958203125,907.513671875,1512.3521484375,88.93550222051832,633.4216796875,968.46328125,0.0,990.9000000000001,1980.1,2360.8,480000.0,10000.0,0.0,646.642578125,1157.95,2382.8,3773.6,0.0,0.0,10000.0
shape_100000_dirty_0,single,1,3,0.388671875,0.3591796875,0.3927734375,3,0.380078125,0.3787109375,0.4896484375,-2.2110552763819125,0.3830078125,0.3779296875,0.0,0.3,0.4,0.4,0.0,0.0,0.0,0.015234375000000001,0.3,0.3,0.3,0.0,0.0,0.0
shape_100000_dirty_0,threaded,1,3,0.952734375,0.9201171875,0.9654296875,3,1.0080078125,0.8951171875,1.1568359375,5.801558015580155,1.0189453125,0.9357421875,0.0,0.7,0.7,0.7,0.0,0.0,0.0,0.016992187500000002,0.7,0.7,0.8,0.0,0.0,0.0
shape_100000_dirty_0,single,2,3,0.35625,0.35234375,0.389453125,3,0.4212890625,0.3791015625,0.5328125,18.256578947368407,0.3857421875,0.4509765625,0.0,0.3,0.3,0.3,0.0,0.0,0.0,0.014843750000000001,0.3,0.3,0.4,0.0,0.0,0.0
shape_100000_dirty_0,threaded,2,3,0.5884765625,0.5693359375,0.6048828125,3,0.676953125,0.6138671875,0.6802734375,15.034848987719872,0.7365234375,0.913671875,0.0,0.8,0.8,0.9,0.0,0.0,0.0,0.0125,0.7,0.8,0.8,0.0,0.0,0.0
shape_100000_dirty_0,single,3,3,0.3681640625,0.3541015625,0.374609375,3,0.3822265625,0.3783203125,0.4236328125,3.8196286472148566,0.4271484375,0.41484375,0.0,0.3,0.3,0.3,0.0,0.0,0.0,0.0154296875,0.3,0.3,0.3,0.0,0.0,0.0
shape_100000_dirty_0,threaded,3,3,0.6287109375,0.5837890625,0.6935546875,3,0.6609375,0.6328125,0.8248046875,5.125815470643058,0.740625,0.6693359375,0.0,0.7,0.8,0.8,0.0,0.0,0.0,0.0146484375,0.7,0.8,0.9,0.0,0.0,0.0
shape_100000_dirty_1,single,1,3,1.1705078125,1.1658203125,1.1830078125,3,1.3126953125,1.242578125,1.31640625,12.147505422993499,1.1880859375,1953.871484375,0.0,1.0,1.5,1.6,48.0,1.0,0.0,0.1083984375,0.9,1.5,1.6,0.0,0.0,1.0
shape_100000_dirty_1,threaded,1,3,1.80390625,1.7806640625,1.9990234375,3,1.761328125,1.716796875,2.82109375,-2.3603291468168086,1.740234375,1978.105859375,0.0,1.4,1.9,2.0,48.0,1.0,0.0,0.8044921875000001,1.4,1.9,2.1,0.0,0.0,1.0
shape_100000_dirty_1,single,2,3,1.6673828125,1.1224609375,1.99140625,3,1.33671875,1.212890625,1.349609375,-19.83132247862247,1.171484375,1817.332421875,0.0,1.2,2.0,3.6,48.0,1.0,0.0,0.1224609375,0.9,1.5,1.8,0.0,0.0,1.0
shape_100000_dirty_1,threaded,2,3,1.11953125,1.028125,1.427734375,3,1.768359375,1.714453125,1.7916015625,57.95533845080249,1.42265625,1902.5974609375,0.0,1.5,2.1,2.2,48.0,1.0,0.0,0.8251953125,1.4,1.9,2.0,0.0,0.0,1.0
shape_100000_dirty_1,single,3,3,1.341796875,1.2421875,1.3845703125,3,1.19453125,1.1826171875,1.3921875,-10.975254730713246,1.2150390625,1835.240625,0.0,1.1,1.6,1.7,48.0,1.0,0.0,0.106640625,0.9,1.5,1.6,0.0,0.0,1.0
shape_100000_dirty_1,threaded,3,3,1.171484375,1.0501953125,1.4076171875,3,1.860546875,1.77265625,2.4205078125,58.81960653551186,1.170703125,1815.536328125,0.0,1.6,2.5,2.8,48.0,1.0,0.0,0.8810546875,1.5,2.1,2.5,0.0,0.0,1.0
shape_100000_dirty_1000,single,1,3,185.384375,181.035546875,190.87421875,3,172.1962890625,156.2029296875,190.325,-7.113914501963825,168.7892578125,2147.947265625,0.0,158.9,282.6,393.2,48000.0,1000.0,0.0,13.620703125,138.1,252.9,340.0,0.0,0.0,1000.0
shape_100000_dirty_1000,threaded,1,3,225.8634765625,209.580859375,226.52578125,3,189.905859375,169.6357421875,235.0744140625,-15.920067172768393,191.3251953125,2216.862109375,0.0,195.25,335.3,544.7,48000.0,1000.0,0.0,82.26484375,156.9,284.8,363.5,0.0,0.0,1000.0
shape_100000_dirty_1000,single,2,3,184.5232421875,183.568359375,185.4935546875,3,167.224609375,156.5453125,168.19765625,-9.374771767191415,172.7958984375,2323.8939453125,0.0,167.1,286.7,391.2,48000.0,1000.0,0.0,12.92421875,136.05,225.0,275.0,0.0,0.0,1000.0
shape_100000_dirty_1000,threaded,2,3,99.8822265625,99.7537109375,100.9333984375,3,137.044921875,123.5419921875,141.6310546875,37.20651470384067,94.0896484375,2117.876953125,0.0,162.05,284.9,369.8,48000.0,1000.0,0.0,75.3171875,155.95,267.1,332.1,0.0,0.0,1000.0
shape_100000_dirty_1000,single,3,3,183.751953125,182.3068359375,201.458203125,3,175.1419921875,154.1712890625,176.26328125,-4.685643222329694,186.2896484375,2059.9341796875,0.0,172.0,313.6,424.6,48000.0,1000.0,0.0,13.1791015625,138.25,236.3,287.3,0.0,0.0,1000.0
shape_100000_dirty_1000,threaded,3,3,104.698046875,95.2984375,108.0357421875,3,132.7484375,123.24296875,136.25859375,26.79170382088372,87.718359375,1924.8267578125,0.0,174.8,328.9,521.0,48000.0,1000.0,0.0,73.1068359375,151.3,238.1,304.6,0.0,0.0,1000.0
shape_100000_dirty_10000,single,1,3,4758.20078125,4297.721484375,4866.591796875,3,4073.594140625,2846.141015625,4157.558203125,-14.3879309028475,3605.4671875,3785.9642578125,0.0,4406.4,6889.0,11126.9,480000.0,10000.0,0.0,267.207421875,3422.3,6012.0,7823.4,0.0,0.0,10000.0
shape_100000_dirty_10000,threaded,1,3,4185.9779296875,4136.0169921875,4532.4291015625,3,3762.7689453125,2883.0291015625,3841.0353515625,-10.110158043919615,3684.0763671875,4106.698046875,0.0,4036.1,5585.7,6150.7,480000.0,10000.0,0.0,1249.2203125,3512.65,5222.0,7915.6,0.0,0.0,10000.0
shape_100000_dirty_10000,single,2,3,4106.78671875,4073.2416015625,4499.9931640625,3,3670.13359375,2835.10234375,3962.8306640625,-10.632476310649652,3713.22265625,3963.2158203125,0.0,4011.85,5667.1,6332.0,480000.0,10000.0,0.0,244.11875,3187.3,5566.1,7407.3,0.0,0.0,10000.0
shape_100000_dirty_10000,threaded,2,3,2103.009375,2051.6416015625,2486.9966796875,3,2156.2875,1899.0234375,2641.7787109375,2.5334230856673967,1913.1619140625,2941.8158203125,0.0,3686.15,5862.9,7607.5,480000.0,10000.0,0.0,1027.0921875,3030.5,4349.9,5147.6,0.0,0.0,10000.0
shape_100000_dirty_10000,single,3,3,4195.1408203125,4178.1568359375,4481.08671875,3,3012.8267578125,2893.783984375,3067.60703125,-28.18294100582608,3568.676171875,4063.9087890625,0.0,4096.7,5942.1,7923.3,480000.0,10000.0,0.0,194.040234375,2718.8,3486.5,3854.3,0.0,0.0,10000.0
shape_100000_dirty_10000,threaded,3,3,2307.73515625,2138.172265625,2386.2005859375,3,1913.70234375,1907.213671875,2431.1734375,-17.074438175145335,1777.5525390625,2662.0634765625,0.0,4209.6,6451.0,7360.5,480000.0,10000.0,0.0,894.23515625,2855.6000000000004,3471.9,3892.1,0.0,0.0,10000.0
shape_100000_dirty_100000,single,1,3,28467.8646484375,28207.5107421875,29641.456640625,3,24503.0154296875,22416.116796875,25522.4728515625,-13.927455633619557,24187.31171875,24517.9671875,0.0,27539.45,34705.6,41257.7,4800000.0,100000.0,0.0,1241.780859375,23146.65,26613.5,30384.5,0.0,0.0,100000.0
shape_100000_dirty_100000,threaded,1,3,27838.393359375,27714.261328125,28791.640625,3,22698.8359375,22141.573046875,23173.3869140625,-18.462119402965392,24524.959375,24054.4986328125,0.0,27087.0,32422.9,37025.9,4800000.0,100000.0,0.0,3626.6806640625,22003.0,25579.3,28577.0,0.0,0.0,100000.0
shape_100000_dirty_100000,single,2,3,28894.9123046875,28730.4724609375,29282.3533203125,3,23350.3994140625,22423.1318359375,24472.3171875,-19.18854375524627,24402.905078125,22929.939453125,0.0,28308.1,32421.0,41140.6,4800000.0,100000.0,0.0,1198.4970703125,21863.65,24403.6,26212.0,0.0,0.0,100000.0
shape_100000_dirty_100000,threaded,2,3,26646.323046875,26107.801953125,30786.606640625,3,22211.26796875,22100.2033203125,22266.76171875,-16.644154130845955,20555.5642578125,21610.194921875,0.0,29499.05,37349.1,44863.8,4800000.0,100000.0,0.0,3679.830078125,23297.800000000003,26426.9,29168.8,0.0,0.0,100000.0
shape_100000_dirty_100000,single,3,3,29221.673046875,29080.49140625,30084.8494140625,3,23212.323046875,22995.94609375,26218.09921875,-20.564702063294916,23964.4841796875,27480.750390625,0.0,28654.15,36500.0,44094.1,4800000.0,100000.0,0.0,1199.5130859375,21774.2,24134.2,26830.6,0.0,0.0,100000.0
shape_100000_dirty_100000,threaded,3,3,25493.5005859375,25472.2421875,27572.5521484375,3,21972.13671875,21010.8763671875,25151.964453125,-13.81279065743496,20718.8205078125,21208.678515625,0.0,29043.35,35882.1,42328.9,4800000.0,100000.0,0.0,3668.992578125,22980.2,26083.6,29607.6,0.0,0.0,100000.0
shape_10000_sequential_all,single,1,3,831.08359375,742.1373046875,844.985546875,3,699.0333984375,632.6328125,852.609765625,-15.888918552304176,727.3466796875,645.1439453125,0.0,717.5999999999999,1470.7,1822.3,480000.0,10000.0,0.0,50.38984375,615.8,884.1,1081.1,0.0,0.0,10000.0
shape_10000_sequential_all,threaded,1,3,886.925,846.17578125,1117.26953125,3,696.209375,658.9017578125,809.0021484375,-21.503016038560187,826.5123046875,603.42578125,0.0,770.5,1525.2,1815.9,480000.0,10000.0,0.0,282.13046875,669.55,855.5,1145.9,0.0,0.0,10000.0
shape_10000_sequential_all,single,2,3,793.7927734375,765.0671875,844.8794921875,3,682.106640625,660.6748046875,856.85859375,-14.069935699823278,734.323046875,613.44140625,0.0,699.05,1388.4,1711.6,480000.0,10000.0,0.0,49.02109375,605.25,861.8,1009.7,0.0,0.0,10000.0
shape_10000_sequential_all,threaded,2,3,410.2775390625,405.9279296875,526.3826171875,3,595.63515625,530.8451171875,636.1123046875,45.17859242576363,416.4109375,522.44765625,0.0,696.9,1136.1,1396.4,480000.0,10000.0,0.0,281.1818359375,668.85,808.8,917.6,0.0,0.0,10000.0
shape_10000_sequential_all,single,3,3,841.17265625,817.942578125,961.7068359375,3,682.0677734375,678.4466796875,984.614453125,-18.914652257219046,742.2373046875,626.431640625,0.0,706.45,1492.9,1888.3,480000.0,10000.0,0.0,49.475,591.75,876.8,1156.5,0.0,0.0,10000.0
shape_10000_sequential_all,threaded,3,3,583.3044921875,443.2146484375,637.46875,3,603.75390625,602.565625,688.52578125,3.505787172289865,415.31171875,567.2142578125,0.0,832.7,1752.4,2519.2,480000.0,10000.0,0.0,287.9361328125,674.3,889.1,1056.5,0.0,0.0,10000.0
shape_100000_sequential_all,single,1,3,14759.9375,14345.67578125,15420.2625,3,13238.760546875,12472.5408203125,13664.5375,-10.306120558606702,12799.745703125,12096.2154296875,0.0,14653.0,16624.5,18468.0,4800000.0,100000.0,0.0,1259.5990234375,11820.7,13415.9,16199.4,0.0,0.0,100000.0
shape_100000_sequential_all,threaded,1,3,15423.0923828125,13885.9826171875,18541.04609375,3,12494.06171875,12467.1953125,12667.098828125,-18.991202226906278,13043.384765625,11544.9794921875,0.0,14617.9,19874.0,24020.0,4800000.0,100000.0,0.0,3723.248828125,12229.95,14815.0,17660.0,0.0,0.0,100000.0
shape_100000_sequential_all,single,2,3,14503.2755859375,14324.5748046875,16293.4685546875,3,13372.1208984375,13272.4455078125,13410.06796875,-7.799304928031403,13120.5140625,11883.08046875,0.0,14084.6,16982.1,22632.3,4800000.0,100000.0,0.0,1253.5525390625,11825.2,14322.2,17526.0,0.0,0.0,100000.0
shape_100000_sequential_all,threaded,2,3,11913.936328125,11884.8294921875,13107.28984375,3,11104.24375,11057.8361328125,11649.0880859375,-6.796180169383437,10069.18515625,10235.9310546875,0.0,16192.2,19055.3,21395.7,4800000.0,100000.0,0.0,3601.4138671875,12326.0,14479.4,16547.1,0.0,0.0,100000.0
shape_100000_sequential_all,single,3,3,15216.9884765625,14329.69296875,22145.1146484375,3,13042.081640625,12297.1517578125,13091.643359375,-14.292623269626137,13827.5634765625,11990.567578125,0.0,14804.75,18263.9,21369.3,4800000.0,100000.0,0.0,1222.0876953125,11386.3,13325.4,17169.5,0.0,0.0,100000.0
shape_100000_sequential_all,threaded,3,3,11970.4916015625,11841.687109375,12187.954296875,3,10978.9748046875,10643.7033203125,11576.3623046875,-8.283008166060435,10408.684375,10401.0662109375,0.0,16062.400000000001,19001.8,25743.0,4800000.0,100000.0,0.0,3584.7029296875,12040.349999999999,13773.0,15750.5,0.0,0.0,100000.0
repeat_1,single,1,3,10.089453125,9.86171875,15.256640625,3,10.6216796875,9.930078125,11.071875,5.27507840024779,10.7791015625,175.46640625,0.0,9.5,10.3,24.7,4800.0,100.0,0.0,0.49765625,9.2,11.3,25.0,0.0,0.0,100.0
repeat_1,threaded,1,3,24.0943359375,20.8640625,31.376953125,3,16.7283203125,16.2849609375,18.5064453125,-30.571565218096186,17.5291015625,185.8103515625,0.0,13.9,49.3,78.5,4800.0,100.0,0.0,10.1767578125,14.9,16.4,32.3,0.0,0.0,100.0
repeat_1,single,2,3,10.74140625,10.44375,14.1548828125,3,10.2591796875,10.2251953125,10.940625,-4.489417412175445,10.884765625,173.7947265625,0.0,10.0,15.4,26.9,4800.0,100.0,0.0,0.4810546875,9.2,10.1,21.7,0.0,0.0,100.0
repeat_1,threaded,2,3,7.01484375,5.541015625,10.5544921875,3,9.4611328125,9.333984375,10.485546875,34.87303708653526,5.9267578125,173.56875,0.0,11.3,17.2,24.2,4800.0,100.0,0.0,5.135546875,10.7,15.9,25.5,0.0,0.0,100.0
repeat_1,single,3,3,14.0416015625,10.76875,14.898046875,3,11.8431640625,9.7248046875,12.1744140625,-15.656600781717279,12.1755859375,171.7935546875,0.0,9.9,33.5,49.6,4800.0,100.0,0.0,0.484375,9.6,22.3,30.5,0.0,0.0,100.0
repeat_1,threaded,3,3,5.3736328125,5.288671875,7.005859375,3,10.3869140625,9.9763671875,16.9927734375,93.29407916257767,6.25234375,174.663671875,0.0,9.5,11.9,24.9,4800.0,100.0,0.0,5.69609375,10.9,15.9,26.4,0.0,0.0,100.0
repeat_10,single,1,3,22.0837890625,18.8193359375,22.3154296875,3,21.8978515625,19.012109375,22.2884765625,-0.8419637566441596,18.66953125,181.516796875,0.0,16.1,45.8,78.3,4800.0,100.0,0.0,0.5568359375,18.9,34.4,44.8,0.0,0.0,100.0
repeat_10,threaded,1,3,28.9927734375,27.541796875,30.7509765625,3,31.1353515625,28.68046875,31.713671875,7.3900419689712615,26.5787109375,196.005078125,0.0,19.5,46.5,78.4,4800.0,100.0,0.0,12.4580078125,26.4,47.8,89.4,0.0,0.0,100.0
repeat_10,single,2,3,20.18046875,19.4529296875,20.9056640625,3,18.5884765625,18.1935546875,22.59609375,-7.888777050830398,18.045703125,180.7251953125,0.0,15.8,40.3,55.1,4800.0,100.0,0.0,0.51953125,16.2,30.6,47.0,0.0,0.0,100.0
repeat_10,threaded,2,3,17.461328125,14.847265625,32.4064453125,3,25.41640625,24.2474609375,26.545703125,45.558264915773684,17.216015625,172.1068359375,0.0,18.9,71.4,119.4,4800.0,100.0,0.0,10.2076171875,23.7,37.4,71.1,0.0,0.0,100.0
repeat_10,single,3,3,19.2634765625,17.709375,31.8060546875,3,20.2291015625,18.808984375,24.14140625,5.012724452240214,19.0984375,184.4466796875,0.0,15.9,37.8,56.2,4800.0,100.0,0.0,0.5404296875,16.7,35.3,49.4,0.0,0.0,100.0
repeat_10,threaded,3,3,11.6216796875,11.0900390625,14.9986328125,3,25.6404296875,23.372265625,25.67890625,120.6258507974388,14.1427734375,168.146484375,0.0,17.4,26.6,48.3,4800.0,100.0,0.0,10.3634765625,23.0,29.2,45.4,0.0,0.0,100.0
repeat_100,single,1,3,84.9193359375,83.79375,85.3439453125,3,97.6142578125,81.678125,97.7865234375,14.949389011171,82.9458984375,248.958203125,0.0,74.75,131.7,173.7,4800.0,100.0,0.0,0.7486328125,89.1,132.0,168.1,0.0,0.0,100.0
repeat_100,threaded,1,3,110.5728515625,101.63359375,152.8609375,3,96.11796875,89.9298828125,101.492578125,-13.072723194019787,96.298046875,265.095703125,0.0,91.0,158.8,243.7,4800.0,100.0,0.0,12.5734375,87.7,140.2,173.7,0.0,0.0,100.0
repeat_100,single,2,3,90.325,84.34921875,97.478515625,3,82.770703125,81.226953125,90.840234375,-8.363461804594529,82.8111328125,246.6189453125,0.0,80.7,143.3,216.6,4800.0,100.0,0.0,0.50546875,77.8,108.0,157.4,0.0,0.0,100.0
repeat_100,threaded,2,3,80.6193359375,77.7423828125,85.0048828125,3,92.59296875,91.646484375,96.8259765625,14.85206082791668,78.1326171875,171.6078125,0.0,79.0,173.8,273.3,4800.0,100.0,0.0,12.946484375,87.5,133.8,161.4,0.0,0.0,100.0
repeat_100,single,3,3,91.983203125,83.1689453125,94.661328125,3,82.250390625,81.2677734375,83.7779296875,-10.581075858788768,84.0314453125,248.0845703125,0.0,79.2,148.3,229.1,4800.0,100.0,0.0,0.5046875,78.2,101.3,134.1,0.0,0.0,100.0
repeat_100,threaded,3,3,80.7490234375,77.817578125,84.795703125,3,92.3974609375,90.69140625,99.7615234375,14.425484054325356,76.6958984375,169.055078125,0.0,81.85,167.3,230.1,4800.0,100.0,0.0,11.1833984375,87.7,119.1,159.0,0.0,0.0,100.0
same_value_100,single,1,3,49.9875,49.53359375,60.47734375,3,42.637890625,42.5927734375,43.6236328125,-14.70289447361841,42.5630859375,43.1466796875,0.0,44.2,79.7,102.8,0.0,0.0,0.0,0.0154296875,40.8,53.8,72.4,0.0,0.0,0.0
same_value_100,threaded,1,3,60.8486328125,55.8701171875,61.8837890625,3,47.1357421875,46.24765625,50.80625,-22.536070230624794,48.466796875,48.8939453125,0.0,48.45,100.7,125.5,0.0,0.0,0.0,0.018750000000000003,43.1,59.8,93.0,0.0,0.0,0.0
same_value_100,single,2,3,50.610546875,47.5439453125,52.6615234375,3,42.1953125,42.105859375,47.1984375,-16.62743221444394,42.78125,50.1216796875,0.0,43.5,85.9,136.9,0.0,0.0,0.0,0.01640625,40.6,51.8,76.3,0.0,0.0,0.0
same_value_100,threaded,2,3,51.020703125,48.105859375,57.78359375,3,43.780078125,42.41796875,65.6376953125,-14.191542955142278,43.42109375,49.725,0.0,46.650000000000006,117.2,142.2,0.0,0.0,0.0,0.018750000000000003,42.9,60.6,104.0,0.0,0.0,0.0
same_value_100,single,3,3,48.811328125,46.4634765625,52.45546875,3,43.475390625,42.3365234375,47.117578125,-10.931760525620815,43.1001953125,42.41875,0.0,43.0,77.3,112.9,0.0,0.0,0.0,0.01640625,40.650000000000006,58.6,82.8,0.0,0.0,0.0
same_value_100,threaded,3,3,49.91875,49.0830078125,53.0666015625,3,43.0703125,42.76953125,44.7328125,-13.719168649054714,43.816015625,44.131640625,0.0,47.2,99.7,135.3,0.0,0.0,0.0,0.017968750000000002,43.0,58.1,78.2,0.0,0.0,0.0
chain_1_leaf,single,1,3,10.0794921875,9.7849609375,10.1400390625,3,10.4794921875,10.362890625,10.5392578125,3.9684538919138923,12.495703125,176.137109375,0.0,9.4,10.4,21.7,4800.0,100.0,0.0,0.50859375,8.9,12.4,25.2,0.0,0.0,100.0
chain_1_leaf,threaded,1,3,20.4673828125,18.45078125,22.352734375,3,15.787890625,15.5572265625,16.4638671875,-22.863168341396843,17.4955078125,188.5951171875,0.0,13.2,25.4,76.3,4800.0,100.0,0.0,9.5673828125,14.6,15.7,24.5,0.0,0.0,100.0
chain_1_leaf,single,2,3,12.3623046875,10.2904296875,14.1470703125,3,10.1853515625,9.6134765625,11.3923828125,-17.60960581404535,12.519140625,174.7302734375,0.0,10.3,19.8,33.4,4800.0,100.0,0.0,0.4765625,9.2,10.9,16.4,0.0,0.0,100.0
chain_1_leaf,threaded,2,3,6.927734375,5.4826171875,13.9384765625,3,13.031640625,10.08984375,14.33828125,88.10826050183253,9.2240234375,170.721875,0.0,9.7,26.1,51.9,4800.0,100.0,0.0,7.649609375,11.5,19.5,36.2,0.0,0.0,100.0
chain_1_leaf,single,3,3,11.3431640625,11.0912109375,12.4302734375,3,10.1650390625,9.9947265625,11.212109375,-10.386211408991509,11.70703125,174.101171875,0.0,9.7,20.0,30.5,4800.0,100.0,0.0,0.4638671875,8.8,13.9,26.3,0.0,0.0,100.0
chain_1_leaf,threaded,3,3,5.9994140625,5.0009765625,10.711328125,3,11.0537109375,10.436328125,14.787109375,84.24650844809065,5.69296875,174.5251953125,0.0,13.2,35.6,54.4,4800.0,100.0,0.0,6.2076171875,11.1,17.1,31.8,0.0,0.0,100.0
chain_1_root,single,1,3,10.13359375,10.0037109375,14.2640625,3,9.853515625,9.434765625,9.9158203125,-2.7638578367126576,11.4763671875,173.1708984375,0.0,9.7,10.4,25.3,4800.0,100.0,0.0,0.466796875,8.7,9.6,23.3,0.0,0.0,100.0
chain_1_root,threaded,1,3,23.293359375,22.9154296875,26.357421875,3,16.7828125,16.6388671875,20.5576171875,-27.95022723080278,20.853515625,188.859765625,0.0,13.8,37.8,87.8,4800.0,100.0,0.0,10.1875,15.3,17.1,37.2,0.0,0.0,100.0
chain_1_root,single,2,3,14.2263671875,10.2078125,15.701171875,3,10.0173828125,9.5169921875,10.2337890625,-29.585798816568055,11.3533203125,173.9802734375,0.0,10.0,31.8,48.4,4800.0,100.0,0.0,0.4826171875,9.1,10.0,16.1,0.0,0.0,100.0
chain_1_root,threaded,2,3,5.12421875,4.9978515625,9.70078125,3,11.8892578125,11.3197265625,13.973828125,132.02088733038573,8.587890625,172.5912109375,0.0,9.4,13.5,22.4,4800.0,100.0,0.0,7.0357421875,11.3,16.3,23.3,0.0,0.0,100.0
chain_1_root,single,3,3,14.80234375,14.196484375,15.8638671875,3,10.247265625,9.683203125,10.305078125,-30.772681691032876,10.82421875,172.15703125,0.0,9.6,35.6,46.6,4800.0,100.0,0.0,0.466796875,8.8,10.0,24.5,0.0,0.0,100.0
chain_1_root,threaded,3,3,6.023828125,5.3810546875,12.1814453125,3,13.3193359375,12.640234375,13.6798828125,121.11082290383246,7.978515625,175.0462890625,0.0,9.6,14.4,45.2,4800.0,100.0,0.0,7.9232421875,11.3,19.3,67.7,0.0,0.0,100.0
chain_4_leaf,single,1,3,17.1939453125,16.6779296875,24.27734375,3,11.690234375,11.366015625,12.0958984375,-32.00958731384821,12.519140625,194.0611328125,0.0,11.8,47.8,67.2,4800.0,100.0,0.0,0.4970703125,10.7,11.2,24.2,0.0,0.0,100.0
chain_4_leaf,threaded,1,3,26.068359375,25.28515625,50.8283203125,3,19.00078125,18.7763671875,20.122265625,-27.111710496740848,20.8517578125,212.3845703125,0.0,15.45,53.8,97.2,4800.0,100.0,0.0,10.687109375,16.7,21.7,46.0,0.0,0.0,100.0
chain_4_leaf,single,2,3,13.244140625,12.3384765625,13.755078125,3,11.6759765625,11.375,12.4283203125,-11.840436513788521,13.73046875,193.1755859375,0.0,12.0,17.7,27.9,4800.0,100.0,0.0,0.49375,10.7,11.2,23.0,0.0,0.0,100.0
chain_4_leaf,threaded,2,3,6.621484375,6.396484375,11.29609375,3,12.4263671875,9.7369140625,13.1654296875,87.66739425402632,6.6384765625,192.9837890625,0.0,12.3,13.5,27.6,4800.0,100.0,0.0,6.6662109375,12.8,21.6,37.8,0.0,0.0,100.0
chain_4_leaf,single,3,3,18.90859375,16.0287109375,19.47890625,3,12.5392578125,12.1828125,13.5205078125,-33.68487377597818,13.26328125,192.9986328125,0.0,11.8,38.2,52.3,4800.0,100.0,0.0,0.529296875,10.7,18.9,28.0,0.0,0.0,100.0
chain_4_leaf,threaded,3,3,9.1625,6.5447265625,12.7703125,3,13.2869140625,9.7458984375,16.119140625,45.01406889495225,7.390234375,195.89453125,0.0,18.7,44.0,54.4,4800.0,100.0,0.0,7.5580078125,13.2,20.6,38.1,0.0,0.0,100.0
chain_4_root,single,1,3,27.9744140625,26.3478515625,28.0423828125,3,26.3216796875,22.2578125,26.9193359375,-5.908021420243104,25.225390625,202.48671875,0.0,21.2,56.3,100.4,4800.0,100.0,0.0,0.70390625,22.6,38.6,52.4,0.0,0.0,100.0
chain_4_root,threaded,1,3,35.03125,33.9087890625,37.275,3,35.457421875,31.0337890625,36.2365234375,1.2165477252453316,34.233203125,213.3544921875,0.0,24.75,63.1,135.3,4800.0,100.0,0.0,10.624609375,27.95,48.0,66.2,0.0,0.0,100.0
chain_4_root,single,2,3,27.6021484375,26.777734375,31.442578125,3,23.9025390625,22.35390625,24.959375,-13.403338451632074,25.1587890625,216.905859375,0.0,21.2,60.2,111.9,4800.0,100.0,0.0,0.666015625,20.8,36.2,43.3,0.0,0.0,100.0
chain_4_root,threaded,2,3,14.180078125,13.5533203125,14.553515625,3,18.947265625,16.990625,21.4728515625,33.61890857001184,15.0580078125,214.030859375,0.0,24.4,38.6,67.1,4800.0,100.0,0.0,9.2029296875,24.0,39.0,55.4,0.0,0.0,100.0
chain_4_root,single,3,3,31.2373046875,25.8109375,38.25625,3,24.8115234375,22.50234375,24.980078125,-20.570856910619938,23.2109375,224.8203125,0.0,21.3,76.7,117.7,4800.0,100.0,0.0,0.6595703125,21.5,39.0,53.7,0.0,0.0,100.0
chain_4_root,threaded,3,3,16.94296875,14.055078125,17.8087890625,3,17.04921875,16.4216796875,20.9677734375,0.6271037949001856,15.1880859375,205.414453125,0.0,36.8,93.1,127.9,4800.0,100.0,0.0,7.973046875,23.3,31.6,39.2,0.0,0.0,100.0
chain_16_leaf,single,1,3,22.6935546875,19.5,23.5818359375,3,17.2529296875,16.922265625,37.194921875,-23.97431814856572,18.9796875,325.878515625,0.0,17.6,38.1,69.4,4800.0,100.0,0.0,0.4751953125,16.1,17.0,32.5,0.0,0.0,100.0
chain_16_leaf,threaded,1,3,31.522265625,29.5294921875,34.654296875,3,24.80546875,23.459765625,27.091796875,-21.308103151294343,26.6599609375,244.4986328125,0.0,20.3,67.1,104.1,4800.0,100.0,0.0,10.6283203125,22.4,29.9,54.9,0.0,0.0,100.0
chain_16_leaf,single,2,3,22.164453125,21.262109375,25.80546875,3,17.8904296875,17.3806640625,19.1884765625,-19.283234345534982,18.745703125,214.14921875,0.0,18.05,37.5,90.3,4800.0,100.0,0.0,0.5119140625,16.2,21.1,34.3,0.0,0.0,100.0
chain_16_leaf,threaded,2,3,15.758984375,14.5244140625,17.3486328125,3,25.265625,21.372265625,26.2537109375,60.32521131299109,13.4990234375,212.4833984375,0.0,23.7,46.5,70.6,4800.0,100.0,0.0,11.728515625,23.0,38.9,62.1,0.0,0.0,100.0
chain_16_leaf,single,3,3,26.24765625,24.0923828125,27.37734375,3,17.7470703125,17.333984375,20.708203125,-32.386076137750386,18.8525390625,267.7107421875,0.0,21.4,53.9,92.9,4800.0,100.0,0.0,0.546875,16.5,18.6,31.3,0.0,0.0,100.0
chain_16_leaf,threaded,3,3,17.3333984375,14.9515625,17.9439453125,3,23.10625,22.6134765625,25.6763671875,33.30478776747381,13.1640625,212.1412109375,0.0,26.4,47.0,88.8,4800.0,100.0,0.0,11.3708984375,22.5,31.4,58.0,0.0,0.0,100.0
chain_16_root,single,1,3,71.9822265625,69.07734375,79.3359375,3,68.93515625,58.22265625,75.982421875,-4.233087052196582,60.35078125,251.05546875,0.0,59.05,132.4,227.2,4800.0,100.0,0.0,0.9212890625,61.8,97.3,126.6,0.0,0.0,100.0
chain_16_root,threaded,1,3,87.0333984375,85.46171875,97.767578125,3,76.193359375,71.1849609375,101.0435546875,-12.455033650426039,71.2232421875,253.166015625,0.0,70.65,159.8,217.9,4800.0,100.0,0.0,13.3521484375,67.2,111.4,149.1,0.0,0.0,100.0
chain_16_root,single,2,3,68.88359375,68.3578125,82.993359375,3,67.426953125,58.0349609375,92.973046875,-2.1146408683127227,59.1908203125,242.5244140625,0.0,55.9,133.3,206.7,4800.0,100.0,0.0,0.93359375,61.5,91.7,117.3,0.0,0.0,100.0
chain_16_root,threaded,2,3,41.0470703125,39.99140625,51.4232421875,3,48.7375,41.667578125,48.8330078125,18.7356360123905,39.30625,203.7560546875,0.0,67.6,121.8,190.7,4800.0,100.0,0.0,17.16015625,68.3,127.8,144.2,0.0,0.0,100.0
chain_16_root,single,3,3,80.0693359375,65.233203125,87.0693359375,3,94.810546875,58.9099609375,98.8900390625,18.41055725628422,59.0998046875,241.0728515625,0.0,62.5,146.6,250.8,4800.0,100.0,0.0,1.0171875,61.6,108.3,164.4,0.0,0.0,100.0
chain_16_root,threaded,3,3,43.1265625,40.956640625,43.6578125,3,43.0181640625,40.6568359375,46.8890625,-0.25134958878301195,36.75859375,213.2064453125,0.0,101.7,169.7,235.1,4800.0,100.0,0.0,15.4197265625,70.4,101.7,134.8,0.0,0.0,100.0
wide_4_root,single,1,3,27.559375,25.0130859375,27.872265625,3,22.5521484375,21.630078125,26.809765625,-18.168868352420898,22.1185546875,218.8765625,0.0,22.0,52.5,86.1,4800.0,100.0,0.0,0.6830078125,20.3,32.9,46.2,0.0,0.0,100.0
wide_4_root,threaded,1,3,36.327734375,32.48828125,36.4197265625,3,30.8009765625,29.9849609375,57.16328125,-15.213604447359641,33.283203125,238.90703125,0.0,24.7,65.1,100.3,4800.0,100.0,0.0,10.3728515625,26.2,33.1,57.1,0.0,0.0,100.0
wide_4_root,single,2,3,25.5296875,25.3703125,27.33828125,3,21.890234375,21.55546875,33.0798828125,-14.255768406879255,25.3046875,221.09140625,0.0,20.6,50.9,94.4,4800.0,100.0,0.0,0.6171875,20.3,32.8,47.0,0.0,0.0,100.0
wide_4_root,threaded,2,3,17.303125,16.8080078125,18.289453125,3,16.366796875,15.898828125,17.962890625,-5.41132382156404,13.748046875,199.735546875,0.0,25.2,72.3,137.4,4800.0,100.0,0.0,8.175,23.1,30.0,40.0,0.0,0.0,100.0
wide_4_root,single,3,3,25.056640625,24.148828125,30.315625,3,21.498046875,20.5298828125,91.6802734375,-14.202198144828127,21.6353515625,204.344140625,0.0,20.5,48.1,85.4,4800.0,100.0,0.0,0.58125,19.8,31.8,36.2,0.0,0.0,100.0
wide_4_root,threaded,3,3,16.309765625,14.1236328125,16.72109375,3,17.034375,16.2759765625,21.3748046875,4.442794529734395,12.7462890625,196.4978515625,0.0,36.1,98.2,140.6,4800.0,100.0,0.0,8.6630859375,23.0,25.0,71.3,0.0,0.0,100.0
wide_16_root,single,1,3,63.2234375,59.69140625,71.926953125,3,53.4611328125,53.37578125,72.313671875,-15.440958406445404,58.4185546875,242.559375,0.0,53.6,119.6,202.7,4800.0,100.0,0.0,0.7259765625,50.7,69.1,105.3,0.0,0.0,100.0
wide_16_root,threaded,1,3,77.608984375,75.26640625,81.5833984375,3,71.540234375,67.81171875,87.675,-7.819648780193189,68.2740234375,264.9681640625,0.0,57.2,140.1,203.4,4800.0,100.0,0.0,14.3375,60.5,114.5,136.8,0.0,0.0,100.0
wide_16_root,single,2,3,60.24375,59.2830078125,73.1611328125,3,58.0498046875,54.8607421875,75.998046875,-3.6417807863886265,55.6078125,241.58046875,0.0,51.1,106.5,167.6,4800.0,100.0,0.0,0.7857421875,52.6,77.1,171.0,0.0,0.0,100.0
wide_16_root,threaded,2,3,48.1458984375,43.98359375,51.4794921875,3,47.9130859375,39.45625,62.901953125,-0.48355624789560014,38.77109375,258.10390625,0.0,68.1,149.3,175.9,4800.0,100.0,0.0,22.6197265625,76.1,113.0,142.0,0.0,0.0,100.0
wide_16_root,single,3,3,79.3623046875,66.120703125,85.93984375,3,55.7474609375,53.5177734375,61.95859375,-29.755743413685753,55.0310546875,252.0615234375,0.0,62.8,133.9,211.6,4800.0,100.0,0.0,0.7960937499999999,50.5,80.5,100.7,0.0,0.0,100.0
wide_16_root,threaded,3,3,42.8095703125,42.7220703125,47.2794921875,3,43.0115234375,41.8892578125,43.6140625,0.4717476104660445,37.93359375,217.0326171875,0.0,112.75,183.7,250.7,4800.0,100.0,0.0,24.165625,70.4,102.1,130.9,0.0,0.0,100.0
rebind_ready,single,1,3,15.676171875,12.483203125,16.850390625,3,13.1625,12.51640625,15.0126953125,-16.034985422740522,12.7537109375,12.349609375,0.0,11.7,24.6,53.2,8800.0,0.0,0.0,0.017578125,12.1,15.4,28.8,8800.0,0.0,0.0
rebind_ready,threaded,1,3,24.3583984375,21.6642578125,24.6541015625,3,19.5037109375,19.15078125,31.0240234375,-19.930240949364553,19.66171875,22.203515625,0.0,14.3,45.8,87.6,8800.0,0.0,0.0,0.019140625,15.7,22.9,31.2,8800.0,0.0,0.0
rebind_ready,single,2,3,16.3244140625,13.24140625,17.0380859375,3,13.66484375,12.505859375,15.228125,-16.291980234742354,13.14765625,13.2705078125,0.0,12.1,36.8,63.1,8800.0,0.0,0.0,0.018750000000000003,12.1,18.2,34.8,8800.0,0.0,0.0
rebind_ready,threaded,2,3,7.608203125,7.3654296875,9.9078125,3,9.65,9.3802734375,15.56796875,26.836781845253377,10.58984375,9.8556640625,0.0,10.4,14.7,21.8,8800.0,0.0,0.0,0.0185546875,14.3,16.8,28.0,8800.0,0.0,0.0
rebind_ready,single,3,3,15.3982421875,12.790234375,16.4548828125,3,13.933984375,12.5345703125,23.89609375,-9.509253034665587,12.7974609375,13.841796875,0.0,13.5,29.2,44.1,8800.0,0.0,0.0,0.0177734375,12.1,19.1,31.2,8800.0,0.0,0.0
rebind_ready,threaded,3,3,11.1732421875,11.0484375,13.473828125,3,9.6818359375,9.5630859375,12.3279296875,-13.348016851084644,9.810546875,10.3861328125,0.0,13.7,30.6,39.2,8800.0,0.0,0.0,0.016992187500000002,14.5,20.4,36.5,8800.0,0.0,0.0
light_1_clean,single,1,3,0.3869140625,0.381640625,0.3951171875,3,0.435546875,0.4025390625,0.4525390625,12.569409389197371,0.4537109375,0.4025390625,0.0,0.3,0.3,0.4,0.0,0.0,0.0,0.0154296875,0.3,0.3,0.3,0.0,0.0,0.0
light_1_clean,threaded,1,3,1.00234375,0.9119140625,1.8228515625,3,0.9771484375,0.9150390625,1.9494140625,-2.5136399064692228,1.0158203125,1.3236328125,0.0,0.7,0.7,0.8,0.0,0.0,0.0,0.016796875,0.6,0.7,0.8,0.0,0.0,0.0
light_1_clean,single,2,3,0.3951171875,0.37421875,0.423046875,3,0.4072265625,0.402734375,0.4529296875,3.064755313890255,0.60234375,0.53046875,0.0,0.3,0.3,0.4,0.0,0.0,0.0,0.0150390625,0.3,0.3,0.3,0.0,0.0,0.0
light_1_clean,threaded,2,3,0.6728515625,0.6203125,0.7662109375,3,0.6640625,0.647265625,0.6701171875,-1.3062409288824406,0.7171875,0.691015625,0.0,0.7,0.9,0.9,0.0,0.0,0.0,0.013671875,0.7,0.8,0.8,0.0,0.0,0.0
light_1_clean,single,3,3,0.396875,0.389453125,0.4560546875,3,0.4197265625,0.41953125,0.519921875,5.757874015748032,0.4537109375,0.4537109375,0.0,0.3,0.3,0.4,0.0,0.0,0.0,0.0150390625,0.3,0.3,0.3,0.0,0.0,0.0
light_1_clean,threaded,3,3,0.6328125,0.619921875,0.67265625,3,0.6205078125,0.61875,0.6771484375,-1.9444444444444486,0.6396484375,0.646484375,0.0,0.7,0.8,1.1,0.0,0.0,0.0,0.0146484375,0.7,0.8,0.8,0.0,0.0,0.0
light_1_one,single,1,3,0.8037109375,0.7615234375,0.8474609375,3,0.6833984375,0.6560546875,0.728125,-14.969623329283122,0.82578125,0.678125,0.0,0.7,0.8,0.8,96.0,1.0,0.0,0.024609375000000003,0.5,0.6,0.6,48.0,0.0,1.0
light_1_one,threaded,1,3,1.40390625,1.3939453125,1.419140625,3,1.3517578125,1.3392578125,1.569140625,-3.7145242070116824,1.3208984375,1.3486328125,0.0,1.0,1.1,1.2,96.0,1.0,0.0,0.504296875,1.1,1.2,1.2,48.0,0.0,1.0
light_1_one,single,2,3,0.7919921875,0.764453125,0.8173828125,3,0.698046875,0.69453125,0.8115234375,-11.86189889025895,0.6927734375,0.6630859375,0.0,0.7,0.7,0.8,96.0,1.0,0.0,0.027734375000000002,0.5,0.6,0.6,48.0,0.0,1.0
light_1_one,threaded,2,3,0.72265625,0.6974609375,0.731640625,3,1.2419921875,1.1419921875,1.2685546875,71.86486486486486,0.8201171875,1.7517578125,0.0,1.2,1.3,1.3,96.0,1.0,0.0,0.514453125,1.1,1.2,1.2,48.0,0.0,1.0
light_1_one,single,3,3,0.7771484375,0.7728515625,0.8404296875,3,0.6923828125,0.6564453125,0.8220703125,-10.90726313144006,0.655859375,0.6634765625,0.0,0.7,0.7,0.7,96.0,1.0,0.0,0.023828125000000002,0.5,0.6,0.6,48.0,0.0,1.0
light_1_one,threaded,3,3,0.6931640625,0.6751953125,1.15546875,3,1.2529296875,1.196875,1.28828125,80.75514229360385,0.80625,1.411328125,0.0,1.1,1.3,1.4,96.0,1.0,0.0,0.5171875,1.1,1.2,1.2,48.0,0.0,1.0
light_1_all,single,1,3,0.78515625,0.769140625,1.1638671875,3,0.692578125,0.6578125,0.7294921875,-11.791044776119397,0.810546875,0.6916015625,0.0,0.7,0.7,0.8,96.0,1.0,0.0,0.024804687500000002,0.5,0.6,0.6,48.0,0.0,1.0
light_1_all,threaded,1,3,1.5421875,1.403125,1.6029296875,3,1.24609375,1.2431640625,1.3451171875,-19.199594731509627,1.263671875,1.3193359375,0.0,1.1,1.1,6.2,96.0,1.0,0.0,0.51640625,1.0,1.1,1.1,48.0,0.0,1.0
light_1_all,single,2,3,0.7908203125,0.761328125,0.815625,3,0.687890625,0.6623046875,0.691796875,-13.01555939738207,0.660546875,0.668359375,0.0,0.7,0.7,0.7,96.0,1.0,0.0,0.0271484375,0.5,0.6,0.6,48.0,0.0,1.0
light_1_all,threaded,2,3,0.7541015625,0.7294921875,0.9458984375,3,1.2251953125,1.1841796875,1.387890625,62.47086247086244,0.812109375,1.3994140625,0.0,1.2,1.3,1.4,96.0,1.0,0.0,0.5080078125,1.1,1.2,1.2,48.0,0.0,1.0
light_1_all,single,3,3,0.7634765625,0.7296875,0.9123046875,3,0.7212890625,0.6705078125,0.8228515625,-5.525709900230225,0.6544921875,0.679296875,0.0,0.7,0.7,0.7,96.0,1.0,0.0,0.028125,0.5,0.6,0.6,48.0,0.0,1.0
light_1_all,threaded,3,3,0.844140625,0.7099609375,0.918359375,3,1.2751953125,1.239453125,1.3015625,51.06432207311429,0.82578125,1.5029296875,0.0,1.1,1.3,13.6,96.0,1.0,0.0,0.5400390625,1.1,1.2,1.2,48.0,0.0,1.0
light_16_clean,single,1,3,0.44453125,0.38515625,0.462109375,3,0.441015625,0.4291015625,0.5646484375,-0.79086115992969,0.4328125,0.445703125,0.0,0.3,0.3,0.4,0.0,0.0,0.0,0.01640625,0.3,0.3,0.4,0.0,0.0,0.0
light_16_clean,threaded,1,3,0.9669921875,0.896484375,0.991015625,3,0.9376953125,0.8806640625,0.963671875,-3.029690971520904,0.9642578125,1.0302734375,0.0,0.7,0.7,0.7,0.0,0.0,0.0,0.014843750000000001,0.6,0.7,0.8,0.0,0.0,0.0
light_16_clean,single,2,3,0.3873046875,0.3853515625,0.484375,3,0.433984375,0.3990234375,0.4861328125,12.052445789208255,0.430078125,0.4080078125,0.0,0.3,0.3,0.4,0.0,0.0,0.0,0.013671875,0.3,0.3,0.3,0.0,0.0,0.0
light_16_clean,threaded,2,3,0.6259765625,0.5755859375,0.8953125,3,0.6251953125,0.6181640625,0.7734375,-0.12480499219967855,0.63984375,0.6775390625,0.0,0.7,0.8,0.9,0.0,0.0,0.0,0.014453125,0.7,0.8,0.8,0.0,0.0,0.0
light_16_clean,single,3,3,0.3876953125,0.383984375,0.40546875,3,0.417578125,0.3994140625,0.422265625,7.707808564231744,0.4076171875,0.484375,0.0,0.3,0.3,0.4,0.0,0.0,0.0,0.0154296875,0.3,0.3,0.3,0.0,0.0,0.0
light_16_clean,threaded,3,3,0.6359375,0.6123046875,0.65390625,3,0.633984375,0.591015625,0.717578125,-0.30712530712531105,0.795703125,0.659765625,0.0,0.7,0.8,0.8,0.0,0.0,0.0,0.016992187500000002,0.7,0.8,0.8,0.0,0.0,0.0
light_16_one,single,1,3,0.9640625,0.9435546875,1.298828125,3,0.8529296875,0.815234375,1.0685546875,-11.527552674230158,0.9185546875,2.0654296875,0.0,0.9,0.9,1.0,1296.0,1.0,0.0,0.0244140625,0.7,0.8,0.8,1248.0,0.0,1.0
light_16_one,threaded,1,3,1.704296875,1.6255859375,2.26484375,3,1.8216796875,1.5466796875,1.878515625,6.8874627549851075,1.53671875,3.526171875,0.0,1.3,1.4,1.5,1296.0,1.0,0.0,0.536328125,1.3,1.4,8.5,1248.0,0.0,1.0
light_16_one,single,2,3,0.9568359375,0.9240234375,1.161328125,3,0.921875,0.8115234375,1.034375,-3.653806899367218,0.828515625,1.9896484375,0.0,0.9,0.9,1.0,1296.0,1.0,0.0,0.025,0.7,0.8,0.9,1248.0,0.0,1.0
light_16_one,threaded,2,3,0.9265625,0.82890625,1.176953125,3,1.2783203125,1.2173828125,1.428515625,37.96374367622259,0.8505859375,1.828125,0.0,1.4,1.5,2.1,1296.0,1.0,0.0,0.4783203125,1.3,1.4,1.5,1248.0,0.0,1.0
light_16_one,single,3,3,0.9685546875,0.928515625,1.3380859375,3,0.9244140625,0.9171875,1.0744140625,-4.557370437588215,0.8357421875,2.0048828125,0.0,0.9,0.9,1.0,1296.0,1.0,0.0,0.0244140625,0.7,0.8,1.3,1248.0,0.0,1.0
light_16_one,threaded,3,3,0.7595703125,0.7142578125,1.4333984375,3,1.4654296875,1.3791015625,1.51328125,92.92877346361533,0.8833984375,1.80078125,0.0,2.0,2.2,2.3,1296.0,1.0,0.0,0.5251953125,1.4,1.8,1.9,1248.0,0.0,1.0
light_16_all,single,1,3,4.61953125,4.5314453125,4.6607421875,3,2.9919921875,2.9435546875,3.29453125,-35.2316928800947,2.9841796875,3.2720703125,0.0,4.4,4.5,5.0,2016.0,16.0,0.0,0.0794921875,2.8,2.9,3.2,1248.0,0.0,16.0
light_16_all,threaded,1,3,5.8298828125,5.5458984375,6.873828125,3,4.44375,4.2337890625,5.1283203125,-23.776340915943596,3.801171875,4.155859375,0.0,4.9,5.3,17.8,2016.0,16.0,0.0,1.0828125,3.8,4.7,12.1,1248.0,0.0,16.0
light_16_all,single,2,3,5.446484375,4.719921875,5.73671875,3,3.1943359375,2.9138671875,3.4060546875,-41.3504984580076,3.00703125,2.9408203125,0.0,4.4,9.3,20.2,2016.0,16.0,0.0,0.07890625000000001,2.8,2.9,4.2,1248.0,0.0,16.0
light_16_all,threaded,2,3,3.8302734375,3.531640625,4.112890625,3,2.861328125,2.8455078125,3.0490234375,-25.297027178624244,1.962109375,2.6384765625,0.0,6.6,7.9,20.7,2016.0,16.0,0.0,1.11640625,3.9,4.1,6.7,1248.0,0.0,16.0
light_16_all,single,3,3,5.0638671875,4.2935546875,5.4330078125,3,3.0509765625,3.033984375,3.5111328125,-39.75006749720369,3.00078125,3.7525390625,0.0,4.4,5.2,17.3,2016.0,16.0,0.0,0.07382812500000001,2.8,2.9,5.6,1248.0,0.0,16.0
light_16_all,threaded,3,3,3.4154296875,3.3134765625,6.8951171875,3,3.059765625,2.6302734375,4.9791015625,-10.413449991422208,2.015234375,2.6697265625,0.0,9.9,10.1,10.8,2016.0,16.0,0.0,1.1845703125,3.7,4.0,7.5,1248.0,0.0,16.0
light_64_clean,single,1,3,0.4130859375,0.3630859375,0.7212890625,3,0.407421875,0.396875,0.4216796875,-1.3711583924349902,0.6591796875,0.3869140625,0.0,0.3,0.4,0.4,0.0,0.0,0.0,0.015234375000000001,0.3,0.3,0.4,0.0,0.0,0.0
light_64_clean,threaded,1,3,0.967578125,0.9375,1.0013671875,3,0.9822265625,0.9689453125,1.6416015625,1.5139281388776737,0.9923828125,0.9265625,0.0,0.6,0.7,0.7,0.0,0.0,0.0,0.0158203125,0.7,0.8,0.8,0.0,0.0,0.0
light_64_clean,single,2,3,0.3677734375,0.3541015625,0.387109375,3,0.4201171875,0.405078125,0.450390625,14.232607541157716,0.3994140625,0.3955078125,0.0,0.3,0.3,0.4,0.0,0.0,0.0,0.016015625000000002,0.3,0.3,0.3,0.0,0.0,0.0
light_64_clean,threaded,2,3,0.830859375,0.65,0.8423828125,3,0.6681640625,0.6361328125,0.8396484375,-19.581570286788896,0.660546875,0.613671875,0.0,0.7,0.8,9.9,0.0,0.0,0.0,0.014843750000000001,0.7,0.8,0.8,0.0,0.0,0.0
light_64_clean,single,3,3,0.37890625,0.369921875,0.40234375,3,0.4025390625,0.39375,0.4125,6.237113402061856,0.39375,0.4001953125,0.0,0.3,0.3,0.4,0.0,0.0,0.0,0.0150390625,0.3,0.3,0.3,0.0,0.0,0.0
light_64_clean,threaded,3,3,0.6025390625,0.5509765625,0.7037109375,3,0.701953125,0.62578125,0.8232421875,16.499189627228517,0.65078125,0.634765625,0.0,0.7,0.8,0.8,0.0,0.0,0.0,0.015625,0.7,0.8,0.9,0.0,0.0,0.0
light_64_one,single,1,3,1.462890625,1.326953125,1.60078125,3,1.3939453125,1.319921875,1.5828125,-4.712950600801058,1.2275390625,5.9314453125,0.0,1.3,1.3,1.4,5136.0,1.0,0.0,0.028710937500000002,1.2,1.6,1.9,5088.0,0.0,1.0
light_64_one,threaded,1,3,2.64765625,2.2197265625,3.5623046875,3,2.3556640625,2.2033203125,2.8826171875,-11.02832694010033,2.123046875,10.830078125,0.0,2.0,2.3,14.8,5136.0,1.0,0.0,0.5287109375,2.0,2.1,2.2,5088.0,0.0,1.0
light_64_one,single,2,3,1.5013671875,1.3876953125,1.5486328125,3,1.3447265625,1.2990234375,1.4705078125,-10.433198907246,1.3509765625,6.40625,0.0,1.3,1.4,2.3,5136.0,1.0,0.0,0.030664062500000002,1.2,1.3,1.3,5088.0,0.0,1.0
light_64_one,threaded,2,3,1.3048828125,1.194140625,1.3921875,3,1.6634765625,1.5013671875,1.802734375,27.480916030534353,1.3587890625,6.4328125,0.0,2.1,2.3,3.0,5136.0,1.0,0.0,0.5138671875,2.1,2.2,17.1,5088.0,0.0,1.0
light_64_one,single,3,3,1.4466796875,1.3859375,1.622265625,3,1.2919921875,1.25546875,1.3822265625,-10.69258809234509,1.242578125,6.3802734375,0.0,1.4,1.4,1.4,5136.0,1.0,0.0,0.0291015625,1.2,1.2,1.2,5088.0,0.0,1.0
light_64_one,threaded,3,3,1.2873046875,1.2115234375,1.3142578125,3,1.50546875,1.4392578125,1.54609375,16.947352450311026,1.0712890625,6.2798828125,0.0,3.4,3.7,5.5,5136.0,1.0,0.0,0.5431640625,2.0,2.2,2.4,5088.0,0.0,1.0
light_64_all,single,1,3,17.4171875,16.9798828125,18.29921875,3,10.9060546875,10.33984375,11.1310546875,-37.38337669328071,10.674609375,10.380859375,0.0,15.6,29.5,43.9,8160.0,64.0,0.0,0.12617187500000002,9.8,16.0,25.6,5088.0,0.0,64.0
light_64_all,threaded,1,3,26.71015625,26.0353515625,29.630078125,3,19.196875,18.1974609375,20.6181640625,-28.128930357717397,18.5548828125,19.33828125,0.0,19.3,40.7,73.9,8160.0,64.0,0.0,5.3142578125,13.8,29.1,45.5,5088.0,0.0,64.0
light_64_all,single,2,3,18.0130859375,17.368359375,18.0380859375,3,10.7666015625,10.1923828125,11.3447265625,-40.2290001843278,11.3677734375,10.1693359375,0.0,16.1,25.0,45.4,8160.0,64.0,0.0,0.13984375000000002,9.9,12.0,24.4,5088.0,0.0,64.0
light_64_all,threaded,2,3,14.66015625,13.38984375,16.2681640625,3,7.7359375,7.6716796875,8.3201171875,-47.231548094857445,6.8623046875,8.648828125,0.0,23.9,29.7,51.1,8160.0,64.0,0.0,3.4171875,12.1,12.7,14.3,5088.0,0.0,64.0
light_64_all,single,3,3,19.0607421875,16.447265625,22.3474609375,3,11.3158203125,10.11796875,11.4513671875,-40.632845241876815,10.9330078125,11.048828125,0.0,15.9,25.1,43.2,8160.0,64.0,0.0,0.1517578125,9.9,13.8,26.8,5088.0,0.0,64.0
light_64_all,threaded,3,3,15.8921875,15.0732421875,16.06328125,3,7.69921875,7.538671875,8.5349609375,-51.55343624029103,6.6859375,7.4056640625,0.0,36.9,66.0,87.7,8160.0,64.0,0.0,3.3486328125,12.0,12.7,14.7,5088.0,0.0,64.0
light_256_clean,single,1,3,0.366796875,0.3609375,0.3900390625,3,0.4220703125,0.405078125,0.4751953125,15.069222577209796,0.4009765625,0.3880859375,0.0,0.3,0.3,0.3,0.0,0.0,0.0,0.014453125,0.3,0.3,0.4,0.0,0.0,0.0
light_256_clean,threaded,1,3,1.0158203125,0.946484375,1.0529296875,3,0.9642578125,0.9365234375,1.034765625,-5.075946933282072,1.013671875,0.941796875,0.0,0.6,0.7,0.7,0.0,0.0,0.0,0.015234375000000001,0.7,0.8,0.8,0.0,0.0,0.0
light_256_clean,single,2,3,0.3681640625,0.3642578125,0.39609375,3,0.41328125,0.404296875,0.4212890625,12.254641909814312,0.4197265625,0.6107421875,0.0,0.3,0.3,0.4,0.0,0.0,0.0,0.0158203125,0.3,0.3,0.4,0.0,0.0,0.0
light_256_clean,threaded,2,3,0.6322265625,0.5578125,0.6373046875,3,0.7146484375,0.6763671875,0.7521484375,13.036762434352788,0.8392578125,0.8294921875,0.0,0.7,0.8,0.8,0.0,0.0,0.0,0.0146484375,0.7,0.8,0.9,0.0,0.0,0.0
light_256_clean,single,3,3,0.396875,0.376953125,0.48359375,3,0.4091796875,0.394921875,0.430078125,3.100393700787407,0.38984375,0.396875,0.0,0.3,0.4,0.4,0.0,0.0,0.0,0.014843750000000001,0.3,0.3,0.4,0.0,0.0,0.0
light_256_clean,threaded,3,3,0.6248046875,0.5671875,0.670703125,3,0.6119140625,0.603515625,0.6611328125,-2.063144732728972,0.64296875,0.6826171875,0.0,0.7,0.8,0.8,0.0,0.0,0.0,0.0140625,0.7,0.8,0.8,0.0,0.0,0.0
light_256_one,single,1,3,3.61796875,3.328515625,4.3193359375,3,3.3671875,3.1267578125,3.38515625,-6.931548261714537,3.0791015625,22.8029296875,0.0,3.3,4.0,4.5,20496.0,1.0,0.0,0.0376953125,3.0,3.1,3.4,20448.0,0.0,1.0
light_256_one,threaded,1,3,4.4009765625,4.16015625,4.565625,3,4.3767578125,4.168359375,4.74453125,-0.5503039985798597,4.5013671875,28.8041015625,0.0,3.9,4.1,8.1,20496.0,1.0,0.0,0.5458984375,3.8,4.0,6.5,20448.0,0.0,1.0
light_256_one,single,2,3,4.232421875,3.2607421875,5.320703125,3,3.155859375,3.0486328125,3.689453125,-25.436086755883714,3.1111328125,22.7158203125,0.0,3.9,5.4,6.3,20496.0,1.0,0.0,0.03671875,3.0,3.1,3.1,20448.0,0.0,1.0
light_256_one,threaded,2,3,3.15078125,2.924609375,3.336328125,3,2.771484375,2.5935546875,3.3009765625,-12.038184973964794,2.5326171875,24.6177734375,0.0,5.1,5.7,20.3,20496.0,1.0,0.0,1.41015625,4.5,4.7,9.9,20448.0,0.0,1.0
light_256_one,single,3,3,3.6041015625,3.23203125,4.30859375,3,3.1603515625,3.03203125,3.531640625,-12.312361133690997,3.2697265625,23.0123046875,0.0,3.2,3.6,3.7,20496.0,1.0,0.0,0.045312500000000006,2.9,3.0,3.1,20448.0,0.0,1.0
light_256_one,threaded,3,3,3.36796875,2.911328125,3.7564453125,3,2.8779296875,2.7228515625,2.8998046875,-14.549988401762937,2.50859375,23.801171875,0.0,8.3,22.5,37.7,20496.0,1.0,0.0,1.4513671875,4.6,5.5,9.7,20448.0,0.0,1.0
light_256_all,single,1,3,70.9779296875,68.3994140625,72.6326171875,3,39.815625,37.884375,42.9671875,-43.90421758524189,40.5263671875,41.2009765625,0.0,63.4,113.9,168.1,32736.0,256.0,0.0,0.5833984375,36.5,53.5,71.2,20448.0,0.0,256.0
light_256_all,threaded,1,3,78.391015625,77.8705078125,80.7388671875,3,49.269140625,48.3181640625,51.337109375,-37.14950593230052,49.819140625,48.576171875,0.0,64.8,115.4,168.5,32736.0,256.0,0.0,12.928515625,42.2,56.4,77.9,20448.0,0.0,256.0
light_256_all,single,2,3,68.7728515625,68.471484375,69.84921875,3,39.8806640625,38.6580078125,41.0509765625,-42.01103610447663,42.522265625,39.1841796875,0.0,61.5,100.0,138.2,32736.0,256.0,0.0,0.5529296875,37.0,54.2,72.3,20448.0,0.0,256.0
light_256_all,threaded,2,3,55.5724609375,54.915625,57.14921875,3,31.5734375,28.63828125,32.4595703125,-43.18510109618987,28.47890625,29.7857421875,0.0,95.4,159.8,200.0,32736.0,256.0,0.0,16.455859375,44.1,69.4,104.1,20448.0,0.0,256.0
light_256_all,single,3,3,69.6388671875,68.62265625,72.4333984375,3,39.85546875,38.0296875,39.881640625,-42.768355719097684,41.940234375,38.015625,0.0,59.8,107.1,138.8,32736.0,256.0,0.0,0.5771484375,36.3,51.0,69.3,20448.0,0.0,256.0
light_256_all,threaded,3,3,55.7779296875,54.3609375,56.115234375,3,31.8994140625,29.0455078125,34.2447265625,-42.80997118175801,26.881640625,31.299609375,0.0,144.7,215.9,311.7,32736.0,256.0,0.0,17.1408203125,43.5,76.4,105.8,20448.0,0.0,256.0
churn_10,single,1,3,42.481640625,41.0982421875,44.261328125,3,27.212890625,26.0669921875,30.6529296875,-35.94199700238154,28.048046875,236.1607421875,0.0,36.0,70.2,118.7,1680.0,0.0,0.0,0.044921875,25.9,39.1,55.8,1680.0,0.0,10.0
churn_10,threaded,1,3,42.2451171875,41.4791015625,48.4701171875,3,32.0828125,28.5251953125,35.740625,-24.05557225086109,34.91953125,232.0865234375,0.0,36.4,80.5,112.8,1680.0,0.0,0.0,4.6640625,30.4,41.5,69.3,1680.0,0.0,10.0
churn_10,single,2,3,40.455859375,36.6880859375,44.7765625,3,28.000390625,22.8880859375,31.3845703125,-30.787799202448664,28.0060546875,219.9490234375,0.0,35.0,65.9,102.5,1680.0,0.0,0.0,0.044140625,26.4,30.6,50.0,1680.0,0.0,10.0
churn_10,threaded,2,3,38.2251953125,34.483984375,39.7328125,3,35.5544921875,27.9744140625,36.1810546875,-6.9867612268985635,32.2048828125,197.15546875,0.0,37.95,83.1,123.9,1680.0,0.0,0.0,5.331640625,32.1,49.5,64.4,1680.0,0.0,10.0
churn_10,single,3,3,38.965234375,37.30546875,41.1328125,3,30.1041015625,24.109765625,42.3177734375,-22.741125402251615,31.5828125,238.03046875,0.0,33.7,63.1,100.1,1680.0,0.0,0.0,0.044335937500000006,28.4,34.7,59.7,1680.0,0.0,10.0
churn_10,threaded,3,3,37.0787109375,36.0267578125,42.3818359375,3,40.8779296875,36.1091796875,49.2375,10.246361467107047,26.661328125,199.3109375,0.0,36.9,88.6,117.1,1680.0,0.0,0.0,9.048828125,34.4,69.5,97.2,1680.0,0.0,10.0
burst_replace_10pct,single,1,3,22.4494140625,18.087890625,28.57734375,3,21.6625,21.4427734375,44.7921875,-3.505276620179043,20.4142578125,29.098828125,0.0,0.3,0.5,633.8,5250.0,0.0,0.0,0.23671875,0.3,0.6,670.5,5250.0,0.0,31.25
burst_replace_10pct,threaded,1,3,28.6427734375,26.665625,35.637109375,3,27.700390625,23.7125,38.437109375,-3.290124172354769,23.941796875,32.4732421875,0.0,0.6,6.1,868.1,5250.0,0.0,0.0,4.679296875,0.7,5.6,798.8,5250.0,0.0,31.25
burst_replace_10pct,single,2,3,27.2505859375,23.937109375,33.9435546875,3,24.6322265625,19.4197265625,28.4888671875,-9.608451653132445,19.2625,29.4533203125,0.0,0.3,0.6,857.4,5250.0,0.0,0.0,0.24453125,0.3,0.5,730.3,5250.0,0.0,31.25
burst_replace_10pct,threaded,2,3,27.4541015625,26.4048828125,27.7642578125,3,30.4466796875,23.183984375,31.551953125,10.90029523707894,24.0916015625,34.2796875,0.0,0.7,124.0,767.2,5250.0,0.0,0.0,4.7666015625,0.7,31.2,974.8,5250.0,0.0,31.25
burst_replace_10pct,single,3,3,24.73046875,23.5037109375,27.6951171875,3,21.0986328125,20.43203125,23.779296875,-14.685673669246569,19.5,29.790234375,0.0,0.3,0.5,719.2,5250.0,0.0,0.0,0.224609375,0.3,0.5,638.6,5250.0,0.0,31.25
burst_replace_10pct,threaded,3,3,31.0669921875,25.2818359375,35.0296875,3,22.0140625,21.8505859375,26.6734375,-29.140026278895782,25.518359375,41.8220703125,0.0,0.8,149.5,855.7,5250.0,0.0,0.0,4.486328125,0.7,5.1,673.6,5250.0,0.0,31.25
reparent,single,1,3,34.3734375,25.56875,36.32265625,3,22.2541015625,21.51796875,31.344140625,-35.25785262966499,23.5943359375,468.38984375,0.0,24.8,70.9,101.1,6400.0,100.0,0.0,0.47402343750000003,20.8,23.4,46.8,0.0,0.0,100.0
reparent,threaded,1,3,43.5966796875,43.03046875,55.8287109375,3,29.169140625,28.67109375,39.2802734375,-33.09320610174047,31.9345703125,472.2185546875,0.0,30.85,83.6,117.4,6400.0,100.0,0.0,11.3400390625,26.1,34.4,80.5,0.0,0.0,100.0
reparent,single,2,3,27.352734375,26.6294921875,39.33203125,3,27.2251953125,22.85546875,32.5076171875,-0.4662753666652475,24.3919921875,452.141015625,0.0,22.3,52.1,87.7,6400.0,100.0,0.0,0.5681640625,20.5,52.2,72.8,0.0,0.0,100.0
reparent,threaded,2,3,19.8505859375,16.6654296875,25.8541015625,3,34.81328125,29.377734375,41.66640625,75.37659270920452,18.0587890625,429.737890625,0.0,24.7,57.4,93.6,6400.0,100.0,0.0,13.1560546875,32.349999999999994,58.9,94.1,0.0,0.0,100.0
reparent,single,3,3,28.7556640625,27.303125,32.5263671875,3,31.4908203125,24.080859375,36.221484375,9.511713045663562,23.4189453125,469.20859375,0.0,23.2,56.4,92.0,6400.0,100.0,0.0,0.6888671875,27.55,47.2,67.7,0.0,0.0,100.0
reparent,threaded,3,3,21.0171875,20.9595703125,25.5634765625,3,27.590234375,27.1427734375,36.9298828125,31.27462642182739,17.2572265625,423.2947265625,0.0,25.9,84.1,110.2,6400.0,100.0,0.0,11.3125,26.1,37.6,72.9,0.0,0.0,100.0
reparent_all,single,1,3,3103.2419921875,2915.1759765625,3565.758203125,3,2484.8642578125,2255.0595703125,2676.7625,-19.926829294389016,2379.8384765625,2712.7166015625,0.0,2921.45,4848.3,5576.9,640000.0,10000.0,0.0,74.5892578125,2123.55,3966.6,5040.0,0.0,0.0,10000.0
reparent_all,threaded,1,3,3031.478515625,2903.7009765625,3100.8763671875,3,2643.4208984375,2146.67890625,2724.3306640625,-12.800935754198939,2342.4337890625,2566.8345703125,0.0,2621.3,4923.8,5608.6,640000.0,10000.0,0.0,618.4041015625,2419.9,3874.0,5666.6,0.0,0.0,10000.0
reparent_all,single,2,3,2900.9033203125,2835.191015625,3128.95234375,3,2454.7076171875,2394.081640625,2666.520703125,-15.381267621043415,2328.9138671875,2542.6353515625,0.0,2430.45,4778.9,5971.6,640000.0,10000.0,0.0,78.53671875,2222.55,3396.7,4991.0,0.0,0.0,10000.0
reparent_all,threaded,2,3,2285.6021484375,2253.012109375,2302.91796875,3,2557.8224609375,2141.3548828125,3068.037890625,11.910222988112661,1819.4224609375,2338.8037109375,0.0,2423.2,4531.6,5102.1,640000.0,10000.0,0.0,618.2384765625,2383.8,4012.7,5038.2,0.0,0.0,10000.0
reparent_all,single,3,3,2870.08203125,2778.9291015625,3045.9220703125,3,2179.28984375,2139.329296875,3205.1185546875,-24.068726258640805,2390.851171875,2900.7732421875,0.0,2405.5,4752.0,5826.6,640000.0,10000.0,0.0,69.69453125,2048.0,2479.6,2792.1,0.0,0.0,10000.0
reparent_all,threaded,3,3,2296.4576171875,2210.8548828125,2502.8552734375,3,2200.8994140625,2092.183984375,2602.29765625,-4.161113290739992,1862.5033203125,2541.31171875,0.0,2411.6,4670.4,5423.7,640000.0,10000.0,0.0,586.5390625,2161.8500000000004,2804.1,3068.9,0.0,0.0,10000.0
reparent_subtrees,single,1,3,93.73046875,86.754296875,101.7083984375,3,87.640625,77.4794921875,108.2421875,-6.4971869139404,80.355078125,297.6490234375,0.0,72.9,195.5,286.1,6400.0,100.0,0.0,0.886328125,81.0,110.7,167.2,0.0,0.0,100.0
reparent_subtrees,threaded,1,3,101.198828125,99.526171875,107.82734375,3,91.9287109375,87.6923828125,114.6212890625,-9.160300923692144,94.4748046875,305.5314453125,0.0,79.6,194.3,281.5,6400.0,100.0,0.0,12.201171875,84.2,111.9,138.0,0.0,0.0,100.0
reparent_subtrees,single,2,3,92.8228515625,90.4453125,97.794140625,3,80.9607421875,78.3421875,106.8166015625,-12.77929860516399,78.10390625,310.8296875,0.0,74.4,184.2,262.4,6400.0,100.0,0.0,0.862109375,72.7,127.2,185.0,0.0,0.0,100.0
reparent_subtrees,threaded,2,3,50.534765625,49.731640625,52.3974609375,3,51.0453125,50.928515625,61.6306640625,1.0102883998484913,45.1583984375,245.2744140625,0.0,82.15,190.4,270.8,6400.0,100.0,0.0,15.557421875,80.8,130.4,165.2,0.0,0.0,100.0
reparent_subtrees,single,3,3,97.37890625,89.6671875,99.403515625,3,82.817578125,76.5896484375,114.5166015625,-14.953267279072568,76.096484375,299.0404296875,0.0,82.6,182.3,267.1,6400.0,100.0,0.0,0.7763671875,74.7,121.8,157.3,0.0,0.0,100.0
reparent_subtrees,threaded,3,3,48.6314453125,47.8642578125,49.2849609375,3,52.1689453125,46.434765625,178.840625,7.274100075102519,43.9146484375,246.4544921875,0.0,121.4,188.8,261.5,6400.0,100.0,0.0,17.6037109375,79.5,141.1,166.7,0.0,0.0,100.0
chain_16_mixed,single,1,3,392.9140625,390.8333984375,404.1216796875,3,385.653125,329.822265625,532.656640625,-1.8479708905811965,332.919921875,420.029296875,0.0,333.55,772.0,1033.3,48000.0,1000.0,0.0,10.2671875,327.8,600.0,1063.8,0.0,0.0,1000.0
chain_16_mixed,threaded,1,3,417.84765625,412.3267578125,472.5072265625,3,378.701953125,356.5708984375,480.477734375,-9.368415148314002,354.4138671875,427.6671875,0.0,354.35,780.7,1064.5,48000.0,1000.0,0.0,65.13046875,359.65,485.2,589.8,0.0,0.0,1000.0
chain_16_mixed,single,2,3,390.523828125,384.6068359375,405.8953125,3,361.2578125,324.498828125,373.5482421875,-7.494040956607762,337.737109375,413.7783203125,0.0,343.95,742.6,988.9,48000.0,1000.0,0.0,9.00546875,330.55,476.7,591.0,0.0,0.0,1000.0
chain_16_mixed,threaded,2,3,236.094140625,198.0966796875,261.8564453125,3,214.96328125,204.23671875,228.4447265625,-8.950183735632466,180.2732421875,254.2625,0.0,386.45,743.2,1105.9,48000.0,1000.0,0.0,58.7923828125,338.15,450.8,535.7,0.0,0.0,1000.0
chain_16_mixed,single,3,3,410.2447265625,388.537109375,428.6544921875,3,397.0728515625,324.9703125,399.7,-3.2107359698122284,340.425390625,403.3447265625,0.0,361.6,817.3,994.3,48000.0,1000.0,0.0,10.1931640625,361.25,527.5,611.0,0.0,0.0,1000.0
chain_16_mixed,threaded,3,3,198.3291015625,193.534375,204.671875,3,224.846484375,202.7216796875,225.0369140625,13.370394260644346,177.7064453125,279.0322265625,0.0,520.95,762.9,989.6,48000.0,1000.0,0.0,61.010546875,348.4,475.1,571.6,0.0,0.0,1000.0
mixed,single,1,3,99.3302734375,91.0068359375,99.5603515625,3,75.36484375,70.5494140625,91.4013671875,-24.12701471377644,71.8873046875,314.353515625,0.0,52.8,117.2,1291.4,26130.0,403.375,0.0,3.1375,39.2,83.7,1015.6,6768.0,0.0,413.375
mixed,threaded,1,3,98.0994140625,97.8763671875,107.6615234375,3,80.1884765625,75.3849609375,91.019140625,-18.25794544357705,76.217578125,276.2712890625,0.0,47.0,153.7,1236.8,26130.0,403.375,0.0,26.892578125,46.5,95.2,973.2,6768.0,0.0,413.375
mixed,single,2,3,102.8630859375,88.048828125,110.8732421875,3,81.4646484375,65.744140625,87.1296875,-20.80283447164104,79.167578125,263.36640625,0.0,53.9,152.9,1392.4,26130.0,403.375,0.0,3.3716796875,43.6,76.6,1049.0,6768.0,0.0,413.375
mixed,threaded,2,3,81.1025390625,77.908984375,167.211328125,3,81.705078125,78.3357421875,87.5646484375,0.7429348938578384,64.4607421875,223.066796875,0.0,49.7,432.4,1252.8,26130.0,403.375,0.0,28.4791015625,47.349999999999994,99.5,1175.0,6768.0,0.0,413.375
mixed,single,3,3,97.7919921875,97.55703125,102.8626953125,3,77.676171875,68.6166015625,95.953515625,-20.570007689311865,90.759375,265.0162109375,0.0,50.25,144.7,1336.5,26130.0,403.375,0.0,2.9908203125,42.25,92.5,921.1,6768.0,0.0,413.375
mixed,threaded,3,3,79.099609375,74.7953125,97.1498046875,3,81.448046875,77.52578125,87.2896484375,2.9689621965974577,78.8541015625,232.413671875,0.0,46.4,504.7,1334.1,26130.0,403.375,0.0,30.565625,46.7,99.8,1084.0,6768.0,0.0,413.375
level_walkthrough,single,1,3,39.957421875,38.2712890625,40.2490234375,3,31.3623046875,28.4744140625,36.741015625,-21.510690090037254,39.312890625,1937.8421875,0.0,32.9,65.3,85.3,9936.0,101.0,0.0,1.4486328125,27.6,45.0,57.1,5088.0,0.0,101.0
level_walkthrough,threaded,1,3,50.5833984375,46.8810546875,51.1091796875,3,36.97421875,36.3296875,46.853515625,-26.904439218956945,44.8001953125,2028.901171875,0.0,38.349999999999994,88.8,121.6,9936.0,101.0,0.0,14.5388671875,31.8,43.8,78.2,5088.0,0.0,101.0
level_walkthrough,single,2,3,39.823046875,38.18046875,45.4166015625,3,29.1501953125,28.0615234375,31.050390625,-26.80069055489618,53.6876953125,2011.96484375,0.0,36.4,65.4,95.2,9936.0,101.0,0.0,1.4427734375,25.8,42.8,55.8,5088.0,0.0,101.0
level_walkthrough,threaded,2,3,24.5337890625,23.0658203125,25.759375,3,25.5849609375,24.86796875,29.0228515625,4.284588378591403,22.3107421875,2003.228125,0.0,36.2,89.1,117.8,9936.0,101.0,0.0,13.4380859375,30.7,46.0,88.0,5088.0,0.0,101.0
level_walkthrough,single,3,3,38.618359375,38.50703125,41.4390625,3,33.7466796875,29.2955078125,39.5388671875,-12.614931774273487,43.421484375,1934.92265625,0.0,34.0,66.8,93.8,9936.0,101.0,0.0,1.5185546875,30.4,47.2,60.7,5088.0,0.0,101.0
level_walkthrough,threaded,3,3,21.559375,20.9494140625,21.7091796875,3,25.32890625,24.228515625,25.37578125,17.484418031598793,19.1482421875,1943.0875,0.0,34.150000000000006,73.0,137.1,9936.0,101.0,0.0,13.06640625,30.1,41.3,66.7,5088.0,0.0,101.0
level_firefight,single,1,3,290.876953125,286.5279296875,295.3583984375,3,241.1306640625,230.8794921875,251.7458984375,-17.102176204768714,257.3537109375,2693.955859375,0.0,176.05,1148.7,1861.0,59972.0,1008.0,0.0,13.065234375,154.95,1060.5,1338.0,11588.0,0.0,1020.5
level_firefight,threaded,1,3,300.094921875,288.3328125,301.2662109375,3,247.5611328125,237.9234375,290.5474609375,-17.50572410031722,258.0734375,2687.8703125,0.0,187.35,1236.8,1449.0,59972.0,1008.0,0.0,72.7892578125,169.9,1099.3,1207.4,11588.0,0.0,1020.5
level_firefight,single,2,3,316.1228515625,275.4138671875,320.3640625,3,237.3791015625,235.053125,242.3017578125,-24.909224249621108,286.7759765625,2809.15859375,0.0,196.3,1234.9,1800.4,59972.0,1008.0,0.0,12.797265625,156.3,1037.8,1227.9,11588.0,0.0,1020.5
level_firefight,threaded,2,3,199.63046875,196.62578125,216.0712890625,3,198.3185546875,191.20625,201.0107421875,-0.6571712578318456,186.182421875,2571.9125,0.0,191.39999999999998,1183.4,2010.2,59972.0,1008.0,0.0,71.8056640625,170.75,1092.2,1183.1,11588.0,0.0,1020.5
level_firefight,single,3,3,294.9455078125,280.8201171875,298.455078125,3,240.46875,232.3908203125,253.033984375,-18.4701093488535,334.0783203125,2528.5603515625,0.0,180.6,1164.4,1854.4,59972.0,1008.0,0.0,13.1365234375,155.2,1026.3,1225.2,11588.0,0.0,1020.5
level_firefight,threaded,3,3,180.153125,178.5513671875,192.8873046875,3,198.2640625,189.732421875,224.8732421875,10.05307984527053,180.154296875,2480.387109375,0.0,203.60000000000002,1177.3,1713.5,59972.0,1008.0,0.0,72.47578125,170.8,1088.7,1198.3,11588.0,0.0,1020.5
open_world_streaming,single,1,3,99.2515625,95.7552734375,102.4568359375,3,100.2185546875,78.2564453125,116.171484375,0.974284095023692,89.510546875,584.0111328125,0.0,27.9,488.6,1030.3,22736.0,202.0,0.0,1.9177734375,24.1,610.4,859.1,13040.0,0.0,264.5
open_world_streaming,threaded,1,3,112.2716796875,107.3220703125,126.6873046875,3,119.1205078125,96.026171875,129.646875,6.100227719103524,147.946875,616.080078125,0.0,32.6,525.3,968.8,22736.0,202.0,0.0,28.91796875,35.95,647.3,792.0,13040.0,0.0,264.5
open_world_streaming,single,2,3,101.2724609375,94.5263671875,104.38046875,3,94.4494140625,80.866796875,99.4716796875,-6.737317146080635,132.5765625,535.3451171875,0.0,28.2,520.3,982.8,22736.0,202.0,0.0,1.769140625,26.200000000000003,557.5,683.9,13040.0,0.0,264.5
open_world_streaming,threaded,2,3,95.7310546875,91.584375,120.801171875,3,99.753125,87.3552734375,120.869140625,4.201426930508023,89.4912109375,505.898046875,0.0,32.3,532.7,1114.5,22736.0,202.0,0.0,29.4955078125,34.4,618.0,769.1,13040.0,0.0,264.5
open_world_streaming,single,3,3,103.109375,101.9875,106.1302734375,3,85.9791015625,82.559765625,110.1861328125,-16.6136914684043,85.290234375,505.13828125,0.0,29.0,521.2,1106.3,22736.0,202.0,0.0,1.703125,23.6,473.7,668.0,13040.0,0.0,264.5
open_world_streaming,threaded,3,3,97.6697265625,91.995703125,101.97421875,3,91.28828125,88.7283203125,116.2326171875,-6.533698349627759,86.9802734375,529.14609375,0.0,43.5,552.7,1027.1,22736.0,202.0,0.0,28.1380859375,31.55,533.3,692.7,13040.0,0.0,264.5
crowd_animation,single,1,3,98.205859375,95.2943359375,99.62734375,3,92.6189453125,89.748828125,98.146484375,-5.688982407013333,103.9443359375,101.3111328125,0.0,88.2,147.7,184.1,33312.0,668.0,0.0,4.70390625,83.4,116.2,146.9,1248.0,0.0,668.0
crowd_animation,threaded,1,3,113.03359375,106.942578125,116.959765625,3,106.3095703125,103.6794921875,117.328125,-5.94869473262235,123.9765625,115.1783203125,0.0,96.4,166.3,217.0,33312.0,668.0,0.0,33.80546875,96.5,136.5,185.2,1248.0,0.0,668.0
crowd_animation,single,2,3,99.805078125,98.1685546875,102.433203125,3,92.0265625,90.279296875,95.0927734375,-7.793707265333594,101.6005859375,98.095703125,0.0,94.1,144.6,191.5,33312.0,668.0,0.0,4.5572265625,83.0,112.5,157.4,1248.0,0.0,668.0
crowd_animation,threaded,2,3,59.5146484375,55.8791015625,61.92421875,3,73.206640625,72.3662109375,80.4376953125,23.006087655678265,57.9994140625,75.7603515625,0.0,105.2,164.2,194.2,33312.0,668.0,0.0,34.068359375,95.9,117.8,155.4,1248.0,0.0,668.0
crowd_animation,single,3,3,103.756640625,99.4564453125,103.8720703125,3,90.7568359375,90.7185546875,94.189453125,-12.529130289100475,102.67734375,102.774609375,0.0,97.0,143.0,175.6,33312.0,668.0,0.0,4.553515625,83.0,111.3,155.1,1248.0,0.0,668.0
crowd_animation,threaded,3,3,53.598828125,53.0833984375,58.0294921875,3,73.1990234375,69.576953125,82.7404296875,36.56832807387056,52.8859375,73.7703125,0.0,145.9,209.3,287.0,33312.0,668.0,0.0,33.125,95.9,123.1,168.4,1248.0,0.0,668.0
cinematic_lights,single,1,3,104.159765625,98.5646484375,107.4818359375,3,60.9314453125,59.167578125,72.9828125,-41.501937003326475,71.1408203125,266.3736328125,0.0,92.9,168.0,230.1,42336.0,456.0,0.0,1.8662109375,54.8,77.4,100.6,20448.0,0.0,456.0
cinematic_lights,threaded,1,3,112.51484375,108.7935546875,121.9771484375,3,72.95234375,71.8505859375,93.6451171875,-35.162027232517936,87.0734375,237.8798828125,0.0,91.6,178.7,244.6,42336.0,456.0,0.0,24.7654296875,65.0,86.7,136.5,20448.0,0.0,456.0
cinematic_lights,single,2,3,98.1482421875,97.7291015625,100.505078125,3,61.487109375,59.9955078125,74.8123046875,-37.3528165104205,73.6248046875,234.0177734375,0.0,85.6,158.9,208.0,42336.0,456.0,0.0,2.0810546875,55.3,86.6,116.4,20448.0,0.0,456.0
cinematic_lights,threaded,2,3,70.3953125,65.9380859375,79.0919921875,3,43.8265625,42.93203125,55.453125,-37.74221472487959,41.3724609375,218.730078125,0.0,112.2,215.1,281.3,42336.0,456.0,0.0,21.0677734375,60.25,76.5,131.7,20448.0,0.0,456.0
cinematic_lights,single,3,3,101.41875,99.4919921875,133.876953125,3,61.6625,59.64296875,71.8615234375,-39.20009860109693,72.4615234375,309.9876953125,0.0,88.85,162.0,205.1,42336.0,456.0,0.0,2.078125,55.2,86.5,121.0,20448.0,0.0,456.0
cinematic_lights,threaded,3,3,67.4208984375,64.7044921875,76.85,3,46.2666015625,44.98671875,76.9193359375,-31.37646837294862,36.73046875,227.47109375,0.0,170.9,300.2,459.8,42336.0,456.0,0.0,22.7580078125,61.1,91.5,141.9,20448.0,0.0,456.0
editor_idle,single,1,3,0.962109375,0.9521484375,0.9884765625,3,0.95859375,0.8916015625,1.0912109375,-0.3654080389768555,0.9412109375,367.2072265625,0.0,0.8,1.3,1.5,48.0,1.0,0.0,0.0828125,0.7,1.2,1.3,0.0,0.0,1.0
editor_idle,threaded,1,3,1.802734375,1.491015625,1.8072265625,3,1.5615234375,1.5263671875,1.737109375,-13.38028169014085,1.6185546875,376.28203125,0.0,1.3,1.8,1.9,48.0,1.0,0.0,0.785546875,1.2,1.7,1.8,0.0,0.0,1.0
editor_idle,single,2,3,0.9736328125,0.8767578125,1.02734375,3,0.9208984375,0.897265625,1.006640625,-5.4162487462387165,0.945703125,368.9607421875,0.0,0.8,1.4,1.4,48.0,1.0,0.0,0.086328125,0.7,1.2,1.3,0.0,0.0,1.0
editor_idle,threaded,2,3,1.009765625,1.00234375,1.733984375,3,1.5548828125,1.5251953125,1.848828125,53.98452611218569,1.0029296875,383.927734375,0.0,1.3,1.8,2.0,48.0,1.0,0.0,0.7744140625,1.2,1.7,1.8,0.0,0.0,1.0
editor_idle,single,3,3,0.93828125,0.8953125,1.0587890625,3,0.906640625,0.86953125,0.9111328125,-3.372189841798501,1.0361328125,355.9951171875,0.0,0.8,1.3,1.4,48.0,1.0,0.0,0.083203125,0.7,1.2,1.3,0.0,0.0,1.0
editor_idle,threaded,3,3,1.0052734375,0.9060546875,1.0890625,3,1.51875,1.4974609375,1.5728515625,51.07829803769186,1.017578125,365.662109375,0.0,1.4,2.0,2.3,48.0,1.0,0.0,0.753125,1.2,1.7,1.8,0.0,0.0,1.0
